id,@id,electrified,frequency,gauge,operator,railway,railway:block,tracks,usage,voltage,@timestamp,@version,@changeset,@user,@uid,bridge,layer,maxspeed,name,tunnel,year_of_construction,passenger_lines,railway:track_ref,service,railway:traffic_mode,covered,railway:ref,description,ele,light_rail,local_ref,network,public_transport,train,uic_name,uic_ref,ref,old_name,crossing:barrier,crossing:light,crossing:bell,supervised,railway:signal:main:form,crossing,horse,start_date
way/25940236,way/25940236,contact_line,"0","1000",AVA,narrow_gauge,"301","1",branch,"750",2020/11/20 07:55:54,"32","94483486",BeatKK,"4665002",,,,,,,,,,,,,,,,,,,,,,,,,,,,,,,
way/25940237,way/25940237,contact_line,"0","1000",AVA,narrow_gauge,W1,"1",branch,"750",2020/12/20 14:10:19,"12","96140841",sovereign_ch,"5755216",,,,,,,,,,,,,,,,,,,,,,,,,,,,,,,
way/25940241,way/25940241,contact_line,"0","1000",AVA,narrow_gauge,W1,"1",branch,"750",2019/07/09 17:05:35,"7","72064035",sovereign_ch,"5755216",yes,"1",,,,,,,,,,,,,,,,,,,,,,,,,,,,,
way/26631236,way/26631236,contact_line,"0","1000",AVA,narrow_gauge,"301","1",branch,"750",2019/07/09 17:05:35,"16","72064035",sovereign_ch,"5755216",,"-1","40",Stadttunnel WSB,yes,"1965",,,,,,,,,,,,,,,,,,,,,,,,,
way/27515408,way/27515408,contact_line,"0","1000",AVA,narrow_gauge,"103","1",branch,"750",2019/07/09 17:05:35,"22","72064035",sovereign_ch,"5755216",,,"80",,,,"2",,,,,,,,,,,,,,,,,,,,,,,,
way/41873592,way/41873592,contact_line,"0","1000",AVA,narrow_gauge,"104","1",branch,"750",2019/07/09 17:05:35,"41","72064035",sovereign_ch,"5755216",,,"70",,,,,,,,,,,,,,,,,,,,,,,,,,,,
way/48779175,way/48779175,contact_line,"0","1000",AVA,narrow_gauge,W6,"1",branch,"750",2019/07/09 17:05:35,"16","72064035",sovereign_ch,"5755216",,,"25",,,,,,,,,,,,,,,,,,,,,,,,,,,,
way/48779177,way/48779177,contact_line,"0","1000",AVA,narrow_gauge,,"1",branch,"750",2019/07/09 17:05:35,"9","72064035",sovereign_ch,"5755216",,,"40",,,,,,,,,,,,,,,,,,,,,,,,,,,,
way/48779178,way/48779178,contact_line,"0","1000",AVA,narrow_gauge,,"1",branch,"750",2019/07/09 17:05:35,"8","72064035",sovereign_ch,"5755216",,,"25",,,,,,,,,,,,,,,,,,,,,,,,,,,,
way/48878565,way/48878565,contact_line,"0","1000",AVA,narrow_gauge,"304","1",branch,"750",2019/07/09 17:05:35,"35","72064035",sovereign_ch,"5755216",,,,,,,,,,,,,,,,,,,,,,,,,,,,,,,
way/48878573,way/48878573,contact_line,"0","1000",AVA,narrow_gauge,W2,"1",branch,"750",2020/01/16 15:43:54,"8","79656912",SWF8,"3524812",yes,"1",,,,,,,,,,,,,,,,,,,,,,,,,,,,,
way/51075486,way/51075486,contact_line,"0","1000",AVA,narrow_gauge,"306","1",branch,"750",2019/07/09 17:05:35,"8","72064035",sovereign_ch,"5755216",yes,"1",,,,,,,,,,,,,,,,,,,,,,,,,,,,,
way/51075487,way/51075487,contact_line,"0","1000",AVA,narrow_gauge,"306","1",branch,"750",2019/07/09 17:05:35,"24","72064035",sovereign_ch,"5755216",,,,,,,,,,,,,,,,,,,,,,,,,,,,,,,
way/83077187,way/83077187,contact_line,"0","1000",AVA,narrow_gauge,"103","1",branch,"750",2019/07/09 17:05:35,"19","72064035",sovereign_ch,"5755216",,"-2","80",,yes,,"2",,,,,,,,,,,,,,,,,,,,,,,,
way/83090376,way/83090376,contact_line,"0","1000",AVA,narrow_gauge,"109","1",branch,"750",2019/07/09 17:05:35,"10","72064035",sovereign_ch,"5755216",yes,"1","65",,,,,,,,,,,,,,,,,,,,,,,,,,,,
way/83090484,way/83090484,contact_line,"0","1000",AVA,narrow_gauge,"109","1",branch,"750",2019/07/09 17:05:35,"15","72064035",sovereign_ch,"5755216",,,"65",,,,,,,,,,,,,,,,,,,,,,,,,,,,
way/83090935,way/83090935,contact_line,"0","1000",AVA,narrow_gauge,"109","1",branch,"750",2019/07/09 17:05:35,"10","72064035",sovereign_ch,"5755216",yes,"1","80",,,,,,,,,,,,,,,,,,,,,,,,,,,,
way/83091004,way/83091004,contact_line,"0","1000",AVA,narrow_gauge,"109","1",branch,"750",2019/07/09 17:05:35,"12","72064035",sovereign_ch,"5755216",,,"80",,,,,,,,,,,,,,,,,,,,,,,,,,,,
way/88824399,way/88824399,contact_line,"0","1000",AVA,narrow_gauge,"203","1",branch,"750",2019/07/09 17:05:35,"16","72064035",sovereign_ch,"5755216",,,"80",,,,"2",,,,,,,,,,,,,,,,,,,,,,,,
way/103337092,way/103337092,contact_line,"0","1000",AVA,narrow_gauge,W1_U,"1",branch,"750",2019/07/09 17:05:35,"8","72064035",sovereign_ch,"5755216",,,,,,,,,,,,,,,,,,,,,,,,,,,,,,,
way/103731414,way/103731414,contact_line,"0","1000",AVA,narrow_gauge,W4,"1",branch,"750",2019/07/09 17:05:36,"8","72064035",sovereign_ch,"5755216",,,,,,,,,,,,,,,,,,,,,,,,,,,,,,,
way/104414033,way/104414033,contact_line,"0","1000",AVA,narrow_gauge,W1_B,"1",branch,"750",2019/07/09 17:05:36,"8","72064035",sovereign_ch,"5755216",,,,,,,,,,,,,,,,,,,,,,,,,,,,,,,
way/104414043,way/104414043,contact_line,"0","1000",AVA,narrow_gauge,W1,,branch,"750",2021/02/10 19:40:30,"11","99061504",rbuffat,"9560206",,,"30",,,,,"1",,,,,,,,,,,,,,,,,,,,,,,
way/104431263,way/104431263,contact_line,"0","1000",AVA,narrow_gauge,W1,"1",branch,"750",2019/07/09 17:05:36,"9","72064035",sovereign_ch,"5755216",,,"45",,,,,,,,,,,,,,,,,,,,,,,,,,,,
way/104431271,way/104431271,contact_line,"0","1000",AVA,narrow_gauge,W1,,,"750",2019/07/09 17:05:36,"8","72064035",sovereign_ch,"5755216",,,,,,,,"2",siding,,,,,,,,,,,,,,,,,,,,,,
way/104431289,way/104431289,contact_line,"0","1000",AVA,narrow_gauge,W1,,,"750",2019/07/09 17:05:36,"9","72064035",sovereign_ch,"5755216",,,,,,,,"2",siding,,,,,,,,,,,,,,,,,,,,,,
way/104431310,way/104431310,contact_line,"0","1000",AVA,narrow_gauge,W1_U,"1",branch,"750",2019/07/09 17:05:36,"8","72064035",sovereign_ch,"5755216",,,,,,,,,,,,,,,,,,,,,,,,,,,,,,,
way/106158522,way/106158522,contact_line,"0","1000",AAR,narrow_gauge,,,,"750",2018/09/04 17:11:57,"10","62286342",SWF8,"3524812",,,,,,,,,siding,freight,,,,,,,,,,,,,,,,,,,,,
way/106158544,way/106158544,contact_line,"0","1000",AVA,narrow_gauge,,,branch,"750",2019/07/09 17:05:36,"13","72064035",sovereign_ch,"5755216",,,"80",,,,"2","7",,,,,,,,,,,,,,,,,,,,,,,
way/106158558,way/106158558,contact_line,"0","1000",AVA,narrow_gauge,,"1",branch,"750",2019/07/09 17:05:36,"14","72064035",sovereign_ch,"5755216",,,"80",,,,"2","7",,,,,,,,,,,,,,,,,,,,,,,
way/106158573,way/106158573,contact_line,"0","1000",AVA,narrow_gauge,,,branch,"750",2019/07/09 17:05:36,"16","72064035",sovereign_ch,"5755216",,,"35",,,,,"8",,,,,,,,,,,,,,,,,,,,,,,
way/106175431,way/106175431,contact_line,"0","1000",AAR,narrow_gauge,,,,"750",2018/09/04 17:11:57,"8","62286342",SWF8,"3524812",,,,,,,,,siding,freight,,,,,,,,,,,,,,,,,,,,,
way/106175435,way/106175435,contact_line,"0","1000",AAR,narrow_gauge,,,,"750",2018/09/04 17:11:57,"8","62286342",SWF8,"3524812",,,,,,,,,siding,freight,,,,,,,,,,,,,,,,,,,,,
way/106195027,way/106195027,contact_line,"0","1000",AVA,narrow_gauge,,"1",branch,"750",2019/07/09 17:05:36,"11","72064035",sovereign_ch,"5755216",,,"80",,,,"2","8",,,,,,,,,,,,,,,,,,,,,,,
way/106195029,way/106195029,contact_line,"0","1000",AVA,narrow_gauge,"203","1",branch,"750",2019/07/09 17:05:36,"13","72064035",sovereign_ch,"5755216",,,"80",,,,,,,,,,,,,,,,,,,,,,,,,,,,
way/106195034,way/106195034,contact_line,"0","1000",AVA,narrow_gauge,"203","1",branch,"750",2019/07/09 17:05:36,"9","72064035",sovereign_ch,"5755216",,"-2","80",,yes,,"2",,,,,,,,,,,,,,,,,,,,,,,,
way/106195035,way/106195035,contact_line,"0","1000",AVA,narrow_gauge,"103","1",branch,"750",2019/07/09 17:05:36,"9","72064035",sovereign_ch,"5755216",,,"80",,,,,,,,,,,,,,,,,,,,,,,,,,,,
way/106195039,way/106195039,contact_line,"0","1000",AAR,narrow_gauge,,,,"750",2018/09/04 17:11:57,"7","62286342",SWF8,"3524812",,,,,,,,,siding,freight,,,,,,,,,,,,,,,,,,,,,
way/106195043,way/106195043,contact_line,"0","1000",AVA,narrow_gauge,"103","1",branch,"750",2019/07/09 17:05:36,"9","72064035",sovereign_ch,"5755216",yes,"1","80",,,,,,,,,,,,,,,,,,,,,,,,,,,,
way/106195051,way/106195051,contact_line,"0","1000",AVA,narrow_gauge,"203","1",branch,"750",2019/07/09 17:05:36,"9","72064035",sovereign_ch,"5755216",yes,"1","80",,,,,,,,,,,,,,,,,,,,,,,,,,,,
way/125897964,way/125897964,contact_line,"0","1000",AVA,narrow_gauge,"113","1",branch,"750",2019/07/09 17:05:36,"16","72064035",sovereign_ch,"5755216",,,"45",,,,,,,,,,,,,,,,,,,,,,,,,,,,
way/125897965,way/125897965,contact_line,"0","1000",AVA,narrow_gauge,"113","1",branch,"750",2019/07/09 17:05:36,"8","72064035",sovereign_ch,"5755216",yes,"1","80",,,,,,,,,,,,,,,,,,,,,,,,,,,,
way/125898158,way/125898158,contact_line,"0","1000",AVA,narrow_gauge,"116","1",branch,"750",2019/07/09 17:05:36,"8","72064035",sovereign_ch,"5755216",yes,"1",,,,,,,,,,,,,,,,,,,,,,,,,,,,,
way/125898159,way/125898159,contact_line,"0","1000",AVA,narrow_gauge,"116","1",branch,"750",2019/07/09 17:05:36,"20","72064035",sovereign_ch,"5755216",,,,,,,,,,,,,,,,,,,,,,,,,,,,,,,
way/127004776,way/127004776,contact_line,"0","1000",AVA,narrow_gauge,"1",,,"750",2019/07/09 17:05:36,"8","72064035",sovereign_ch,"5755216",yes,"1",,,,,,"2",siding,,,,,,,,,,,,,,,,,,,,,,
way/127004820,way/127004820,contact_line,"0","1000",AVA,narrow_gauge,"1",,branch,"750",2019/07/09 17:05:36,"9","72064035",sovereign_ch,"5755216",yes,"1",,,,,,"1",,,,,,,,,,,,,,,,,,,,,,,
way/127004821,way/127004821,contact_line,"0","1000",AVA,narrow_gauge,W1,,branch,"750",2019/07/09 17:05:36,"10","72064035",sovereign_ch,"5755216",,,,,,,,"1",,,,,,,,,,,,,,,,,,,,,,,
way/140763713,way/140763713,contact_line,"0","1000",AVA,narrow_gauge,"112","1",branch,"750",2020/06/06 18:40:48,"22","86287586",hecktor,"465052",,,"35",,,,,,,,,,,,,,,,,,,,,,,,,,,,
way/150639994,way/150639994,contact_line,"0","1000",AVA,narrow_gauge,"117","1",branch,"750",2019/07/09 17:05:36,"15","72064035",sovereign_ch,"5755216",,,"80",,,,,,,,,,,,,,,,,,,,,,,,,,,,
way/162362936,way/162362936,contact_line,"0","1000",AVA,narrow_gauge,"102","1",branch,"750",2019/07/09 17:05:36,"18","72064035",sovereign_ch,"5755216",,,"80",,,,,,,,,,,,,,,,,,,,,,,,,,,,
way/165547075,way/165547075,contact_line,"0","1000",AAR,narrow_gauge,W4,,,"750",2020/11/10 03:41:10,"6","93828854",BeatKK,"4665002",,,"25",,,,,,yard,,,,,,,,,,,,,,,,,,,,,,
way/165547076,way/165547076,contact_line,"0","1000",AVA,narrow_gauge,W7,"1",branch,"750",2019/07/09 17:05:36,"9","72064035",sovereign_ch,"5755216",,,"25",,,,,,,,,,,,,,,,,,,,,,,,,,,,
way/165547077,way/165547077,contact_line,"0","1000",AAR,narrow_gauge,W5,,,"750",2020/11/10 03:41:10,"5","93828854",BeatKK,"4665002",,,,,,,,,yard,,,,,,,,,,,,,,,,,,,,,,
way/165547078,way/165547078,contact_line,"0","1000",AAR,narrow_gauge,W6,,,"750",2020/11/10 03:41:10,"7","93828854",BeatKK,"4665002",,,"25",,,,,,yard,,,,,,,,,,,,,,,,,,,,,,
way/166639380,way/166639380,contact_line,"0","1000",AVA,narrow_gauge,W1,"1",branch,"750",2019/07/09 17:05:36,"7","72064035",sovereign_ch,"5755216",,,,,,,,,,,,,,,,,,,,,,,,,,,,,,,
way/169934563,way/169934563,contact_line,"0","1000",AVA,narrow_gauge,W1,"1",,"750",2019/07/09 17:05:36,"5","72064035",sovereign_ch,"5755216",,,,,,,,,,,,,,,,,,,,,,,,,,,,,,,
way/170066337,way/170066337,contact_line,"0","1000",AVA,narrow_gauge,,"1",branch,"750",2019/07/09 17:05:36,"8","72064035",sovereign_ch,"5755216",,,,,,,,,,,,,,,,,,,,,,,,,,,,,,,
way/172216964,way/172216964,contact_line,"0","1000",AAR,narrow_gauge,W2_U,"1",,"750",2019/04/14 12:52:22,"5","69201543",Jonathan Masur,"2965963",,,,,,,,,siding,,,,,,,,,,,,,,,,,,,,,,
way/174966025,way/174966025,contact_line,"0","1000",AVA,narrow_gauge,W2,"1",branch,"750",2019/07/09 17:05:36,"7","72064035",sovereign_ch,"5755216",,,,,,,,,,,,,,,,,,,,,,,,,,,,,,,
way/178956370,way/178956370,contact_line,"0","1000",AVA,narrow_gauge,W8,,branch,"750",2019/07/09 17:05:36,"12","72064035",sovereign_ch,"5755216",,,,,,,,"2",,,,,,,,,,,,,,,,,,,,,,,
way/186745672,way/186745672,contact_line,"0","1000",AVA,narrow_gauge,W8,,branch,"750",2019/07/09 17:05:36,"9","72064035",sovereign_ch,"5755216",,,"25",,,,,"12",,,,,,,,,,,,,,,,,,,,,,,
way/186745674,way/186745674,contact_line,"0","1000",AVA,narrow_gauge,"41","1",branch,"750",2020/11/10 03:41:10,"15","93828854",BeatKK,"4665002",,,"25",,,,,,,,,,,,,,,,,,,,,,,,,,,,
way/186745675,way/186745675,contact_line,"0","1000",AVA,narrow_gauge,W6,"1",branch,"750",2019/07/09 17:05:36,"12","72064035",sovereign_ch,"5755216",,,"25",,,,,,,,,,,,,,,,,,,,,,,,,,,,
way/186745679,way/186745679,contact_line,"0","1000",AAR,narrow_gauge,W7,"1",,"750",2019/04/14 12:52:31,"9","69201543",Jonathan Masur,"2965963",,,"25",,,,,,siding,,,,,,,,,,,,,,,,,,,,,,
way/195611805,way/195611805,contact_line,"0","1000",AVA,narrow_gauge,"307","1",branch,"750",2020/01/16 15:43:54,"7","79656912",SWF8,"3524812",yes,"1",,,,,,,,,,,,,,,,,,,,,,,,,,,,,
way/195611806,way/195611806,contact_line,"0","1000",AVA,narrow_gauge,"307","1",branch,"750",2019/07/09 17:05:36,"14","72064035",sovereign_ch,"5755216",,,,,,,,"1",,,,,,,,,,,,,,,,,,,,,,,
way/197682879,way/197682879,contact_line,"0","1000",AAR,narrow_gauge,,"1",,"750",2019/04/14 12:52:39,"17","69201543",Jonathan Masur,"2965963",,,,,,,,"2",siding,,yes,ME,,,,,,,,,,,,,,,,,,,
way/199558085,way/199558085,contact_line,"0","1000",AVA,narrow_gauge,"71","1",branch,"750",2019/07/09 17:05:36,"8","72064035",sovereign_ch,"5755216",,,"65",,,,,,,,,,,,,,,,,,,,,,,,,,,,
way/199558086,way/199558086,contact_line,"0","1000",AVA,narrow_gauge,"101","1",branch,"750",2019/07/09 17:05:36,"7","72064035",sovereign_ch,"5755216",,,"75",,,,,,,,,,,,,,,,,,,,,,,,,,,,
way/199558087,way/199558087,contact_line,"0","1000",AVA,narrow_gauge,"72","1",branch,"750",2019/07/09 17:05:36,"7","72064035",sovereign_ch,"5755216",,,"80",,,,,,,,,,,,,,,,,,,,,,,,,,,,
way/199558088,way/199558088,contact_line,"0","1000",AVA,narrow_gauge,"101","1",branch,"750",2019/07/09 17:05:36,"7","72064035",sovereign_ch,"5755216",,,"80",,,,,,,,,,,,,,,,,,,,,,,,,,,,
way/200323281,way/200323281,contact_line,"0","1000",AVA,narrow_gauge,,"1",,"750",2019/07/09 17:05:36,"7","72064035",sovereign_ch,"5755216",,,,,,,,,siding,,,,,,,,,,,,,,,,,,,,,,
way/200813221,way/200813221,contact_line,"0","1000",AVA,narrow_gauge,W2,"1",branch,"750",2020/01/16 15:43:54,"7","79656912",SWF8,"3524812",yes,"1",,,,,,,,,,,,,,,,,,,,,,,,,,,,,
way/200813222,way/200813222,contact_line,"0","1000",AVA,narrow_gauge,W2,"1",branch,"750",2020/01/16 15:43:54,"7","79656912",SWF8,"3524812",yes,"1",,,,,,,,,,,,,,,,,,,,,,,,,,,,,
way/200813228,way/200813228,contact_line,"0","1000",AVA,narrow_gauge,W1,"1",branch,"750",2020/12/20 14:10:19,"7","96140841",sovereign_ch,"5755216",,,,,,,,,,,,,,,,,,,,,,,,,,,,,,,
way/206157341,way/206157341,contact_line,"0","1000",AVA-wsb,narrow_gauge,,"1",,"750",2021/04/25 13:25:12,"5","103574310",sovereign_ch,"5755216",,,,,,,,,yard,,,,,,,,,,,,,,,,,,,,,,
way/206157342,way/206157342,contact_line,"0","1000",AVA-wsb,narrow_gauge,,"1",,"750",2021/04/25 13:25:12,"4","103574310",sovereign_ch,"5755216",,,,,,,,,yard,,yes,,,,,,,,,,,,,,,,,,,,
way/206157343,way/206157343,contact_line,"0","1000",AVA-wsb,narrow_gauge,,"1",,"750",2021/04/25 13:25:12,"6","103574310",sovereign_ch,"5755216",,,,,,,,"1",yard,,,,,,,,,,,,,,,,,,,,,,
way/206157346,way/206157346,contact_line,"0","1000",AVA-wsb,narrow_gauge,,"1",,"750",2021/04/25 13:25:12,"4","103574310",sovereign_ch,"5755216",,,,,,,,,yard,,yes,,,,,,,,,,,,,,,,,,,,
way/206157347,way/206157347,contact_line,"0","1000",AVA-wsb,narrow_gauge,,"1",,"750",2021/04/25 13:25:12,"4","103574310",sovereign_ch,"5755216",,,,,,,,,yard,,,,,,,,,,,,,,,,,,,,,,
way/206157348,way/206157348,contact_line,"0","1000",AVA-wsb,narrow_gauge,,"1",,"750",2021/04/25 13:25:12,"4","103574310",sovereign_ch,"5755216",,,,,,,,,yard,,,,,,,,,,,,,,,,,,,,,,
way/206157349,way/206157349,contact_line,"0","1000",AVA-wsb,narrow_gauge,,"1",,"750",2021/04/25 13:25:12,"5","103574310",sovereign_ch,"5755216",,,,,,,,,yard,,,,,,,,,,,,,,,,,,,,,,
way/206157350,way/206157350,contact_line,"0","1000",AVA,narrow_gauge,,"1",,"750",2021/04/25 13:25:12,"6","103574310",sovereign_ch,"5755216",,,,,,,,,yard,,,,,,,,,,,,,,,,,,,,,,
way/206157351,way/206157351,contact_line,"0","1000",AVA-wsb,narrow_gauge,,"1",,"750",2021/04/25 13:25:12,"4","103574310",sovereign_ch,"5755216",,,,,,,,,yard,,,,,,,,,,,,,,,,,,,,,,
way/206158264,way/206158264,contact_line,"0","1000",AVA,narrow_gauge,W2_O,"1",branch,"750",2019/07/09 17:05:37,"4","72064035",sovereign_ch,"5755216",,,,,,,,,,,,,,,,,,,,,,,,,,,,,,,
way/206171361,way/206171361,contact_line,"0","1000",AVA,narrow_gauge,"118","1",branch,"750",2019/07/09 17:05:37,"11","72064035",sovereign_ch,"5755216",,,"65",,,,,,,,,,,,,,,,,,,,,,,,,,,,
way/223101239,way/223101239,contact_line,"0","1000",AAR,narrow_gauge,W2,,,"750",2019/04/14 12:52:47,"5","69201543",Jonathan Masur,"2965963",,,,,,,,,,,,,,,,,,,,,,,,,,,,,,,
way/234858533,way/234858533,contact_line,"0","1000",AVA,narrow_gauge,"116","1",branch,"750",2019/07/09 17:05:37,"6","72064035",sovereign_ch,"5755216",,"1",,,,,,,,,,,,,,,,,,,,,,,,,,,,,
way/258549249,way/258549249,contact_line,"0","1000",AVA,narrow_gauge,"307","1",branch,"750",2020/01/16 15:43:54,"5","79656912",SWF8,"3524812",yes,"1",,,,,,,,,,,,,,,,,,,,,,,,,,,,,
way/258549250,way/258549250,contact_line,"0","1000",AVA,narrow_gauge,"307","1",branch,"750",2019/07/09 17:05:37,"7","72064035",sovereign_ch,"5755216",,,,,,,,,,,,,,,,,,,,,,,,,,,,,,,
way/302576072,way/302576072,contact_line,"0","1000",AVA,narrow_gauge,W1,"1",branch,"750",2019/07/09 17:05:37,"3","72064035",sovereign_ch,"5755216",,,,,,,,,,,,,,,,,,,,,,,,,,,,,,,
way/302576073,way/302576073,contact_line,"0","1000",AVA,narrow_gauge,W1,"1",branch,"750",2019/07/09 17:05:37,"3","72064035",sovereign_ch,"5755216",,,,,,,,,,,,,,,,,,,,,,,,,,,,,,,
way/302576074,way/302576074,contact_line,"0","1000",AVA,narrow_gauge,W2,"1",branch,"750",2019/07/09 17:05:37,"5","72064035",sovereign_ch,"5755216",,,,,,,,,,,,,,,,,,,,,,,,,,,,,,,
way/302576075,way/302576075,contact_line,"0","1000",AVA,narrow_gauge,,"1",branch,"750",2019/07/09 17:05:37,"7","72064035",sovereign_ch,"5755216",,,,,,,,,,,,,,,,,,,,,,,,,,,,,,,
way/302576076,way/302576076,contact_line,"0","1000",AVA,narrow_gauge,,"1",,"750",2019/07/09 17:05:37,"8","72064035",sovereign_ch,"5755216",,,,,,,,,,,,,,,,,,,,,,,,,,,,,,,
way/302576122,way/302576122,contact_line,"0","1000",AVA,narrow_gauge,W2,"1",branch,"750",2019/07/09 17:05:37,"4","72064035",sovereign_ch,"5755216",,,,,,,,,,,,,,,,,,,,,,,,,,,,,,,
way/302576123,way/302576123,contact_line,"0","1000",AVA,narrow_gauge,"302","1",branch,"750",2019/07/09 17:05:37,"7","72064035",sovereign_ch,"5755216",,,,,,,,,,,,,,,,,,,,,,,,,,,,,,,
way/302576124,way/302576124,contact_line,"0","1000",AVA,narrow_gauge,W2,"1",,"750",2019/07/09 17:05:37,"4","72064035",sovereign_ch,"5755216",,,,,,,,,,,,,,,,,,,,,,,,,,,,,,,
way/302579534,way/302579534,contact_line,"0","1000",AVA,narrow_gauge,,"1",branch,"750",2019/07/09 17:05:37,"10","72064035",sovereign_ch,"5755216",,,,,,,,"1",,,,,,,,,,,,,,,,,,,,,,,
way/302579535,way/302579535,contact_line,"0","1000",AVA,narrow_gauge,"109","1",branch,"750",2019/07/09 17:05:37,"6","72064035",sovereign_ch,"5755216",,,,,,,,,,,,,,,,,,,,,,,,,,,,,,,
way/302579536,way/302579536,contact_line,"0","1000",AVA,narrow_gauge,W1_B,"1",branch,"750",2019/07/09 17:05:37,"6","72064035",sovereign_ch,"5755216",,,,,,,,,,,,,,,,,,,,,,,,,,,,,,,
way/302579647,way/302579647,contact_line,"0","1000",AVA,narrow_gauge,W2_B,"1",branch,"750",2019/07/09 17:05:37,"4","72064035",sovereign_ch,"5755216",,,,,,,,,,,,,,,,,,,,,,,,,,,,,,,
way/302579648,way/302579648,contact_line,"0","1000",AVA,narrow_gauge,W2_B,"1",branch,"750",2019/07/09 17:05:37,"4","72064035",sovereign_ch,"5755216",,,,,,,,,,,,,,,,,,,,,,,,,,,,,,,
way/302579649,way/302579649,contact_line,"0","1000",AVA,narrow_gauge,,"1",branch,"750",2019/07/09 17:05:37,"9","72064035",sovereign_ch,"5755216",,,,,,,,"2",,,,,,,,,,,,,,,,,,,,,,,
way/302582037,way/302582037,contact_line,"0","1000",AVA,narrow_gauge,W1,"1",branch,"750",2019/07/09 17:05:37,"5","72064035",sovereign_ch,"5755216",,,,,,,,,,,,,,,,,,,,,,,,,,,,,,,
way/302582038,way/302582038,contact_line,"0","1000",AVA,narrow_gauge,,,branch,"750",2019/07/09 17:05:37,"10","72064035",sovereign_ch,"5755216",,,,,,,,"2",,,,,,,,,,,,,,,,,,,,,,,
way/302582039,way/302582039,contact_line,"0","1000",AVA,narrow_gauge,"104","1",branch,"750",2019/07/09 17:05:37,"8","72064035",sovereign_ch,"5755216",,,"65",,,,,,,,,,,,,,,,,,,,,,,,,,,,
way/302582041,way/302582041,contact_line,"0","1000",AVA,narrow_gauge,W1,"1",branch,"750",2019/07/09 17:05:37,"6","72064035",sovereign_ch,"5755216",,,"65",,,,,,,,,,,,,,,,,,,,,,,,,,,,
way/302584633,way/302584633,contact_line,"0","1000",AAR,narrow_gauge,W2,"1",,"750",2019/04/14 12:53:16,"4","69201543",Jonathan Masur,"2965963",,,,,,,,,siding,,,,,,,,,,,,,,,,,,,,,,
way/302584634,way/302584634,contact_line,"0","1000",AAR,narrow_gauge,W3,"1",,"750",2019/04/14 12:53:16,"3","69201543",Jonathan Masur,"2965963",,,,,,,,,siding,,,,,,,,,,,,,,,,,,,,,,
way/302584635,way/302584635,,,,AAR,narrow_gauge,,"1",,,2019/04/14 12:53:16,"5","69201543",Jonathan Masur,"2965963",,,,,,,,,yard,,,,,,,,,,,,,,,,,,,,,,
way/302584636,way/302584636,contact_line,"0","1000",AAR,narrow_gauge,,,,"750",2019/04/14 12:53:16,"5","69201543",Jonathan Masur,"2965963",,,,,,,,"1",siding,,,,,,,,,,,,,,,,,,,,,,
way/302584637,way/302584637,contact_line,"0","1000",AAR,narrow_gauge,W3,,,"750",2019/04/14 12:53:16,"4","69201543",Jonathan Masur,"2965963",,,,,,,,"1",siding,,,,,,,,,,,,,,,,,,,,,,
way/302584759,way/302584759,contact_line,"0","1000",AVA,narrow_gauge,W2,,branch,"750",2019/07/09 17:05:37,"7","72064035",sovereign_ch,"5755216",,,,,,,,"2",,,,,,,,,,,,,,,,,,,,,,,
way/302584760,way/302584760,contact_line,"0","1000",AVA,narrow_gauge,,,branch,"750",2019/07/09 17:05:37,"7","72064035",sovereign_ch,"5755216",,,,,,,,"2",,,,,,,,,,,,,,,,,,,,,,,
way/302702964,way/302702964,contact_line,"0","1000",AVA,narrow_gauge,W3,"1",branch,"750",2019/07/09 17:05:37,"6","72064035",sovereign_ch,"5755216",,,"45",,,,,,,,,,,,,,,,,,,,,,,,,,,,
way/302702965,way/302702965,contact_line,"0","1000",AVA,narrow_gauge,W3,"1",branch,"750",2019/07/09 17:05:37,"6","72064035",sovereign_ch,"5755216",,,"45",,,,,,,,,,,,,,,,,,,,,,,,,,,,
way/302703883,way/302703883,contact_line,"0","1000",AVA,narrow_gauge,"112","1",branch,"750",2019/07/09 17:05:37,"10","72064035",sovereign_ch,"5755216",,,"55",,,,,,,,,,,,,,,,,,,,,,,,,,,,
way/302703885,way/302703885,contact_line,"0","1000",AVA,narrow_gauge,W1,"1",branch,"750",2019/07/09 17:05:37,"7","72064035",sovereign_ch,"5755216",,,"45",,,,,,,,,,,,,,,,,,,,,,,,,,,,
way/302704307,way/302704307,contact_line,"0","1000",AAR,narrow_gauge,W1,"1",,"750",2019/04/14 12:53:17,"4","69201543",Jonathan Masur,"2965963",,,,,,,,,siding,,,,,,,,,,,,,,,,,,,,,,
way/302704308,way/302704308,contact_line,"0","1000",AAR,narrow_gauge,W3,"1",,"750",2019/04/14 12:53:17,"4","69201543",Jonathan Masur,"2965963",,,,,,,,,siding,,,,,,,,,,,,,,,,,,,,,,
way/302705393,way/302705393,contact_line,"0","1000",AVA,narrow_gauge,W147,"1",branch,"750",2019/07/09 17:05:37,"5","72064035",sovereign_ch,"5755216",,,"80",,,,,,,,,,,,,,,,,,,,,,,,,,,,
way/302705394,way/302705394,contact_line,"0","1000",AVA,narrow_gauge,W147,"1",branch,"750",2019/07/09 17:05:37,"5","72064035",sovereign_ch,"5755216",,,"80",,,,,,,,,,,,,,,,,,,,,,,,,,,,
way/302705522,way/302705522,contact_line,"0","1000",AVA,narrow_gauge,"41","1",branch,"750",2019/07/09 17:05:37,"7","72064035",sovereign_ch,"5755216",,,"80",,,,,,,,,,,,,,,,,,,,,,,,,,,,
way/302705523,way/302705523,contact_line,"0","1000",AVA,narrow_gauge,"42","1",branch,"750",2019/07/09 17:05:37,"7","72064035",sovereign_ch,"5755216",,,"80",,,,,,,,,,,,,,,,,,,,,,,,,,,,
way/302705524,way/302705524,contact_line,"0","1000",AAR,narrow_gauge,W4,"1",,"750",2019/04/14 12:53:18,"3","69201543",Jonathan Masur,"2965963",,,,,,,,,siding,,,,,,,,,,,,,,,,,,,,,,
way/302705525,way/302705525,contact_line,"0","1000",AAR,narrow_gauge,W2,"1",,"750",2019/04/14 12:53:18,"3","69201543",Jonathan Masur,"2965963",,,,,,,,,siding,,,,,,,,,,,,,,,,,,,,,,
way/302705526,way/302705526,contact_line,"0","1000",AVA,narrow_gauge,W3,"1",branch,"750",2019/07/09 17:05:37,"5","72064035",sovereign_ch,"5755216",,,"80",,,,,"42",,,,,,,,,,,,,,,,,,,,,,,
way/302705527,way/302705527,contact_line,"0","1000",AVA,narrow_gauge,W1,,branch,"750",2019/07/09 17:05:37,"7","72064035",sovereign_ch,"5755216",,,"80",,,,,"41",,,,,,,,,,,,,,,,,,,,,,,
way/302705528,way/302705528,contact_line,"0","1000",AVA,narrow_gauge,W2,,branch,"750",2019/07/09 17:05:37,"7","72064035",sovereign_ch,"5755216",,,"80",,,,,"42",,,,,,,,,,,,,,,,,,,,,,,
way/302705529,way/302705529,contact_line,"0","1000",AVA,narrow_gauge,W4,"1",branch,"750",2019/07/09 17:05:37,"5","72064035",sovereign_ch,"5755216",,,"80",,,,,"41",,,,,,,,,,,,,,,,,,,,,,,
way/302705858,way/302705858,contact_line,"0","1000",AVA,narrow_gauge,"1",,branch,"750",2019/07/09 17:05:37,"8","72064035",sovereign_ch,"5755216",,,,,,,,"1",,,,,,,,,,,,,,,,,,,,,,,
way/302705859,way/302705859,contact_line,"0","1000",AVA,narrow_gauge,2a,,branch,"750",2019/07/09 17:05:37,"9","72064035",sovereign_ch,"5755216",,,,,,,,"2",,,,,,,,,,,,,,,,,,,,,,,
way/302705860,way/302705860,contact_line,"0","1000",AVA,narrow_gauge,W7,,branch,"750",2019/07/09 17:05:37,"7","72064035",sovereign_ch,"5755216",,,,,,,,"1",,,,,,,,,,,,,,,,,,,,,,,
way/302705861,way/302705861,contact_line,"0","1000",AVA,narrow_gauge,W7,,branch,"750",2019/07/09 17:05:37,"7","72064035",sovereign_ch,"5755216",,,,,,,,"1",,,,,,,,,,,,,,,,,,,,,,,
way/302705862,way/302705862,contact_line,"0","1000",AVA,narrow_gauge,W8,"1",branch,"750",2019/07/09 17:05:37,"5","72064035",sovereign_ch,"5755216",,,,,,,,"41",,,,,,,,,,,,,,,,,,,,,,,
way/302705863,way/302705863,contact_line,"0","1000",AAR,narrow_gauge,W7,"1",,"750",2019/04/14 12:53:20,"4","69201543",Jonathan Masur,"2965963",,,,,,,,,siding,,,,,,,,,,,,,,,,,,,,,,
way/302705864,way/302705864,contact_line,"0","1000",AVA,narrow_gauge,W8,,branch,"750",2019/07/09 17:05:37,"7","72064035",sovereign_ch,"5755216",,,,,,,,"1",,,,,,,,,,,,,,,,,,,,,,,
way/302705865,way/302705865,contact_line,"0","1000",AAR,narrow_gauge,"21","1",,"750",2019/04/14 12:53:20,"4","69201543",Jonathan Masur,"2965963",,,,,,,,,siding,,,,,,,,,,,,,,,,,,,,,,
way/302706499,way/302706499,contact_line,"0","1000",AVA,narrow_gauge,W1,"1",branch,"750",2019/07/09 17:05:37,"5","72064035",sovereign_ch,"5755216",,,,,,,,,,,,,,,,,,,,,,,,,,,,,,,
way/302706500,way/302706500,contact_line,"0","1000",AVA,narrow_gauge,"116","1",branch,"750",2019/07/09 17:05:37,"5","72064035",sovereign_ch,"5755216",,,,,,,,,,,,,,,,,,,,,,,,,,,,,,,
way/302706569,way/302706569,contact_line,"0","1000",AVA,narrow_gauge,W2,,,"750",2019/07/09 17:05:37,"7","72064035",sovereign_ch,"5755216",,,,,,,,"2",siding,,,,,,,,,,,,,,,,,,,,,,
way/302706570,way/302706570,contact_line,"0","1000",AVA,narrow_gauge,W2,"1",branch,"750",2019/07/09 17:05:37,"5","72064035",sovereign_ch,"5755216",,,,,,,,,,,,,,,,,,,,,,,,,,,,,,,
way/302706571,way/302706571,contact_line,"0","1000",AVA,narrow_gauge,W2,,branch,"750",2019/07/09 17:05:37,"7","72064035",sovereign_ch,"5755216",,,,,,,,"1",,,,,,,,,,,,,,,,,,,,,,,
way/302706572,way/302706572,contact_line,"0","1000",AVA,narrow_gauge,"1",,branch,"750",2019/07/09 17:05:37,"9","72064035",sovereign_ch,"5755216",,,,,,,,"1",,,,,,,,,,,,,,,,,,,,,,,
way/302706940,way/302706940,contact_line,"0","1000",AVA,narrow_gauge,W1,"1",branch,"750",2019/07/09 17:05:37,"5","72064035",sovereign_ch,"5755216",,,,,,,,,,,,,,,,,,,,,,,,,,,,,,,
way/302706941,way/302706941,contact_line,"0","1000",AVA,narrow_gauge,W1,,branch,"750",2019/07/09 17:05:37,"7","72064035",sovereign_ch,"5755216",,,,,,,,"1",,,,,,,,,,,,,,,,,,,,,,,
way/302706944,way/302706944,contact_line,"0","1000",AVA,narrow_gauge,,,branch,"750",2019/07/09 17:05:37,"10","72064035",sovereign_ch,"5755216",,,,,,,,"1",,,,,,,,,,,,,,,,,,,,,,,
way/302706945,way/302706945,contact_line,"0","1000",AVA,narrow_gauge,,,,"750",2019/07/09 17:05:37,"13","72064035",sovereign_ch,"5755216",,,,,,,,"2",siding,,,,,,,,,,,,,,,,,,,,,,
way/302711524,way/302711524,contact_line,"0","1000",AVA,narrow_gauge,"118","1",branch,"750",2019/07/09 17:05:37,"8","72064035",sovereign_ch,"5755216",,,"65",,,,,,,,,,,,,,,,,,,,,,,,,,,,
way/302711525,way/302711525,contact_line,"0","1000",AVA,narrow_gauge,W3,,branch,"750",2019/07/09 17:05:37,"8","72064035",sovereign_ch,"5755216",,,,,,,,"1",,,,,,,,,,,,,,,,,,,,,,,
way/302711527,way/302711527,contact_line,"0","1000",AVA,narrow_gauge,W3,"1",branch,"750",2019/07/09 17:05:37,"6","72064035",sovereign_ch,"5755216",,,,,,,,,,,,,,,,,,,,,,,,,,,,,,,
way/302711991,way/302711991,contact_line,"0","1000",AVA,narrow_gauge,W3,,,"750",2019/07/09 17:05:37,"7","72064035",sovereign_ch,"5755216",,,,,,,,"2",siding,,,,,,,,,,,,,,,,,,,,,,
way/302714227,way/302714227,contact_line,"0","1000",AVA,narrow_gauge,,"1",branch,"750",2019/07/09 17:05:37,"7","72064035",sovereign_ch,"5755216",,,,,,,,,,,,,,,,,,,,,,,,,,,,,,,
way/302714228,way/302714228,contact_line,"0","1000",AVA,narrow_gauge,W2_R,"1",branch,"750",2019/07/09 17:05:37,"5","72064035",sovereign_ch,"5755216",,,,,,,,,,,,,,,,,,,,,,,,,,,,,,,
way/302714229,way/302714229,contact_line,"0","1000",AVA,narrow_gauge,W2_R,"1",branch,"750",2019/07/09 17:05:37,"5","72064035",sovereign_ch,"5755216",,,,,,,,,,,,,,,,,,,,,,,,,,,,,,,
way/302714230,way/302714230,contact_line,"0","1000",AVA,narrow_gauge,,"1",branch,"750",2019/07/09 17:05:37,"5","72064035",sovereign_ch,"5755216",,,,,,,,,,,,,,,,,,,,,,,,,,,,,,,
way/302714231,way/302714231,contact_line,"0","1000",AVA,narrow_gauge,W1_R,"1",branch,"750",2019/07/09 17:05:37,"6","72064035",sovereign_ch,"5755216",,,"65",,,,,,,,,,,,,,,,,,,,,,,,,,,,
way/302714232,way/302714232,contact_line,"0","1000",AVA,narrow_gauge,W1_R,"1",branch,"750",2019/07/09 17:05:37,"6","72064035",sovereign_ch,"5755216",,,"65",,,,,,,,,,,,,,,,,,,,,,,,,,,,
way/302714233,way/302714233,contact_line,"0","1000",AVA,narrow_gauge,W1_R,"1",branch,"750",2019/07/09 17:05:37,"6","72064035",sovereign_ch,"5755216",,,"65",,,,,,,,,,,,,,,,,,,,,,,,,,,,
way/302714234,way/302714234,contact_line,"0","1000",AVA,narrow_gauge,W2_R,"1",branch,"750",2019/07/09 17:05:37,"5","72064035",sovereign_ch,"5755216",,,,,,,,,,,,,,,,,,,,,,,,,,,,,,,
way/302714235,way/302714235,contact_line,"0","1000",AVA,narrow_gauge,,,branch,"750",2019/07/09 17:05:37,"10","72064035",sovereign_ch,"5755216",,,"65",,,,,"2",,,,,,,,,,,,,,,,,,,,,,,
way/302714236,way/302714236,contact_line,"0","1000",AVA,narrow_gauge,,,branch,"750",2019/07/09 17:05:37,"10","72064035",sovereign_ch,"5755216",,,,,,,,"2",,,,,,,,,,,,,,,,,,,,,,,
way/302714237,way/302714237,contact_line,"0","1000",AVA,narrow_gauge,,"1",branch,"750",2019/07/09 17:05:37,"8","72064035",sovereign_ch,"5755216",,,,,,,,ref,,,,,,,,,,,,,,,,,,,,,,,
way/302714238,way/302714238,contact_line,"0","1000",AVA,narrow_gauge,"119","1",branch,"750",2019/07/09 17:05:37,"7","72064035",sovereign_ch,"5755216",,,,,,,,,,,,,,,,,,,,,,,,,,,,,,,
way/302714239,way/302714239,contact_line,"0","1000",AVA,narrow_gauge,,,branch,"750",2019/07/09 17:05:37,"7","72064035",sovereign_ch,"5755216",,,,,,,,"1",,,,,,,,,,,,,,,,,,,,,,,
way/302719986,way/302719986,contact_line,"0","1000",AVA,narrow_gauge,W1,"1",branch,"750",2019/07/09 17:05:37,"4","72064035",sovereign_ch,"5755216",,,,,,,,,,,,,,,,,,,,,,,,,,,,,,,
way/302719987,way/302719987,contact_line,"0","1000",AVA,narrow_gauge,W1,"1",branch,"750",2019/07/09 17:05:37,"4","72064035",sovereign_ch,"5755216",,,,,,,,,,,,,,,,,,,,,,,,,,,,,,,
way/302719989,way/302719989,contact_line,"0","1000",AVA,narrow_gauge,,"1",branch,"750",2021/09/07 11:09:54,"9","110853424",Wikilux,"1894634",,,,,,,,"1",,,,,,,,,,,,,,,,,,,,,,,
way/302720997,way/302720997,contact_line,"0","1000",AVA,narrow_gauge,W2,"1",branch,"750",2019/07/09 17:05:37,"5","72064035",sovereign_ch,"5755216",,,,,,,,,,,,,,,,,,,,,,,,,,,,,,,
way/302720998,way/302720998,contact_line,"0","1000",AVA,narrow_gauge,W2,"1",branch,"750",2019/07/09 17:05:37,"3","72064035",sovereign_ch,"5755216",,,,,,,,,,,,,,,,,,,,,,,,,,,,,,,
way/302720999,way/302720999,contact_line,"0","1000",AVA,narrow_gauge,W2,"1",branch,"750",2019/07/09 17:05:37,"3","72064035",sovereign_ch,"5755216",,,,,,,,,,,,,,,,,,,,,,,,,,,,,,,
way/302721000,way/302721000,contact_line,"0","1000",AVA,narrow_gauge,"309","1",branch,"750",2019/07/09 17:05:37,"6","72064035",sovereign_ch,"5755216",,,,,,,,,,,,,,,,,,,,,,,,,,,,,,,
way/302721311,way/302721311,contact_line,"0","1000",AVA,narrow_gauge,"308","1",branch,"750",2019/07/09 17:05:37,"4","72064035",sovereign_ch,"5755216",,,,,,,,,,,,,,,,,,,,,,,,,,,,,,,
way/302721312,way/302721312,contact_line,"0","1000",AVA,narrow_gauge,W2_O,"1",branch,"750",2019/07/09 17:05:37,"3","72064035",sovereign_ch,"5755216",,,,,,,,,,,,,,,,,,,,,,,,,,,,,,,
way/302721313,way/302721313,contact_line,"0","1000",AVA,narrow_gauge,W2_O,"1",branch,"750",2019/07/09 17:05:37,"3","72064035",sovereign_ch,"5755216",,,,,,,,,,,,,,,,,,,,,,,,,,,,,,,
way/302721314,way/302721314,contact_line,"0","1000",AVA,narrow_gauge,,"1",branch,"750",2021/09/07 11:09:54,"7","110853424",Wikilux,"1894634",,,,,,,,"1",,,,,,,,,,,,,,,,,,,,,,,
way/302722109,way/302722109,contact_line,"0","1000",AVA,narrow_gauge,W1_O,"1",branch,"750",2019/07/09 17:05:37,"3","72064035",sovereign_ch,"5755216",,,,,,,,,,,,,,,,,,,,,,,,,,,,,,,
way/302722110,way/302722110,contact_line,"0","1000",AVA,narrow_gauge,W1_O,"1",branch,"750",2019/07/09 17:05:37,"3","72064035",sovereign_ch,"5755216",,,,,,,,,,,,,,,,,,,,,,,,,,,,,,,
way/302722111,way/302722111,contact_line,"0","1000",AVA,narrow_gauge,W1_O,"1",branch,"750",2019/07/09 17:05:37,"3","72064035",sovereign_ch,"5755216",,,,,,,,,,,,,,,,,,,,,,,,,,,,,,,
way/302722112,way/302722112,contact_line,"0","1000",AVA,narrow_gauge,,"1",branch,"750",2019/07/09 17:05:37,"5","72064035",sovereign_ch,"5755216",,,,,,,,"2",,,,,,,,,,,,,,,,,,,,,,,
way/302730108,way/302730108,contact_line,"0","1000",AVA,narrow_gauge,W2,"1",branch,"750",2019/07/09 17:05:37,"6","72064035",sovereign_ch,"5755216",,,,,,,,,,,,,,,,,,,,,,,,,,,,,,,
way/302730109,way/302730109,contact_line,"0","1000",AVA,narrow_gauge,W2,"1",branch,"750",2019/07/09 17:05:37,"5","72064035",sovereign_ch,"5755216",,,,,,,,,,,,,,,,,,,,,,,,,,,,,,,
way/302730110,way/302730110,contact_line,"0","1000",AAR,narrow_gauge,,,,"750",2019/07/09 17:05:37,"7","72064035",sovereign_ch,"5755216",,,,,,,,"1",,,,,,,,,,,,,,,,,,,,,,,
way/302730111,way/302730111,contact_line,"0","1000",AVA,narrow_gauge,"307","1",branch,"750",2021/06/20 14:06:06,"8","106667495",KaiPankrath,"4067009",,,,,,,,,,,,,,,,,,,,,,,,,,,,,,,
way/302730212,way/302730212,contact_line,"0","1000",AVA,narrow_gauge,W1,"1",branch,"750",2019/07/09 17:05:38,"5","72064035",sovereign_ch,"5755216",,,,,,,,,,,,,,,,,,,,,,,,,,,,,,,
way/302730213,way/302730213,contact_line,"0","1000",AVA,narrow_gauge,W1,"1",branch,"750",2019/07/09 17:05:38,"5","72064035",sovereign_ch,"5755216",,,,,,,,,,,,,,,,,,,,,,,,,,,,,,,
way/302730214,way/302730214,contact_line,"0","1000",AAR,narrow_gauge,W1,,,"750",2019/04/14 12:53:27,"3","69201543",Jonathan Masur,"2965963",,,,,,,,,,,,,,,,,,,,,,,,,,,,,,,
way/302730215,way/302730215,contact_line,"0","1000",AVA,narrow_gauge,,"1",branch,"750",2019/07/09 17:05:38,"9","72064035",sovereign_ch,"5755216",,,,,,,,"2",,,,,,,,,,,,,,,,,,,,,,,
way/302730721,way/302730721,contact_line,"0","1000",AVA,narrow_gauge,W2,"1",branch,"750",2019/07/09 17:05:38,"4","72064035",sovereign_ch,"5755216",,,,,,,,,,,,,,,,,,,,,,,,,,,,,,,
way/302730722,way/302730722,contact_line,"0","1000",AVA,narrow_gauge,W2,"1",branch,"750",2019/07/09 17:05:38,"4","72064035",sovereign_ch,"5755216",,,,,,,,,,,,,,,,,,,,,,,,,,,,,,,
way/302730723,way/302730723,contact_line,"0","1000",AVA,narrow_gauge,,"1",branch,"750",2019/07/09 17:05:38,"7","72064035",sovereign_ch,"5755216",,,,,,,,"1",,,,,,,,,,,,,,,,,,,,,,,
way/302730988,way/302730988,contact_line,"0","1000",AVA,narrow_gauge,W1,"1",branch,"750",2019/07/09 17:05:38,"3","72064035",sovereign_ch,"5755216",,,,,,,,,,,,,,,,,,,,,,,,,,,,,,,
way/302730989,way/302730989,contact_line,"0","1000",AVA,narrow_gauge,W1,"1",branch,"750",2019/07/09 17:05:38,"3","72064035",sovereign_ch,"5755216",,,,,,,,,,,,,,,,,,,,,,,,,,,,,,,
way/302730990,way/302730990,contact_line,"0","1000",AVA,narrow_gauge,W1,"1",branch,"750",2019/07/09 17:05:38,"3","72064035",sovereign_ch,"5755216",,,,,,,,,,,,,,,,,,,,,,,,,,,,,,,
way/302730991,way/302730991,contact_line,"0","1000",AVA,narrow_gauge,,"1",branch,"750",2019/07/09 17:05:38,"5","72064035",sovereign_ch,"5755216",,,,,,,,"2",,,,,,,,,,,,,,,,,,,,,,,
way/302733609,way/302733609,contact_line,"0","1000",AVA,narrow_gauge,"305","1",branch,"750",2019/07/09 17:05:38,"4","72064035",sovereign_ch,"5755216",,,,,,,,,,,,,,,,,,,,,,,,,,,,,,,
way/302733610,way/302733610,contact_line,"0","1000",AVA,narrow_gauge,,"1",branch,"750",2019/07/09 17:05:38,"7","72064035",sovereign_ch,"5755216",,,,,,,,"2",,,,,,,,,,,,,,,,,,,,,,,
way/302733611,way/302733611,contact_line,"0","1000",AVA,narrow_gauge,,"1",branch,"750",2019/07/09 17:05:38,"8","72064035",sovereign_ch,"5755216",,,,,,,,"1",,,,,,,,,,,,,,,,,,,,,,,
way/302733612,way/302733612,contact_line,"0","1000",AVA,narrow_gauge,"303","1",branch,"750",2019/07/09 17:05:38,"6","72064035",sovereign_ch,"5755216",,,,,,,,,,,,,,,,,,,,,,,,,,,,,,,
way/302733613,way/302733613,contact_line,"0","1000",AVA,narrow_gauge,W1_U,"1",branch,"750",2019/07/09 17:05:38,"5","72064035",sovereign_ch,"5755216",,,,,,,,,,,,,,,,,,,,,,,,,,,,,,,
way/302733614,way/302733614,contact_line,"0","1000",AVA,narrow_gauge,W2_U,"1",branch,"750",2019/07/09 17:05:38,"4","72064035",sovereign_ch,"5755216",,,,,,,,,,,,,,,,,,,,,,,,,,,,,,,
way/302733940,way/302733940,contact_line,"0","1000",AVA,narrow_gauge,W1_U,"1",branch,"750",2019/07/09 17:05:38,"4","72064035",sovereign_ch,"5755216",,,,,,,,,,,,,,,,,,,,,,,,,,,,,,,
way/302733941,way/302733941,contact_line,"0","1000",AVA,narrow_gauge,,"1",branch,"750",2019/07/09 17:05:38,"7","72064035",sovereign_ch,"5755216",,,,,,,,"1",,,,,,,,,,,,,,,,,,,,,,,
way/302733942,way/302733942,contact_line,"0","1000",AVA,narrow_gauge,,"1",branch,"750",2019/07/09 17:05:38,"6","72064035",sovereign_ch,"5755216",,,,,,,,"2",,,,,,,,,,,,,,,,,,,,,,,
way/302738782,way/302738782,contact_line,"0","1000",AVA,narrow_gauge,,"1",branch,"750",2019/07/09 17:05:38,"6","72064035",sovereign_ch,"5755216",,,,,,,,"1",,,,,,,,,,,,,,,,,,,,,,,
way/302738783,way/302738783,contact_line,"0","1000",AVA,narrow_gauge,,"1",branch,"750",2019/07/09 17:05:38,"6","72064035",sovereign_ch,"5755216",,,,,,,,"2",,,,,,,,,,,,,,,,,,,,,,,
way/302742638,way/302742638,contact_line,"0","1000",AVA,narrow_gauge,"110","1",branch,"750",2019/07/09 17:05:38,"6","72064035",sovereign_ch,"5755216",,,"30",,,,,,,,,,,,,,,,,,,,,,,,,,,,
way/302742642,way/302742642,contact_line,"0","1000",AVA,narrow_gauge,W1,,branch,"750",2021/02/10 19:40:30,"7","99061504",rbuffat,"9560206",,,,,,,,"2",,,,,,,,,,,,,,,,,,,,,,,
way/302742644,way/302742644,contact_line,"0","1000",AVA,narrow_gauge,W1,"1",branch,"750",2019/07/09 17:05:38,"6","72064035",sovereign_ch,"5755216",,,"30",,,,,,,,,,,,,,,,,,,,,,,,,,,,
way/302744274,way/302744274,contact_line,"0","1000",AVA,narrow_gauge,W2,,branch,"750",2019/07/09 17:05:38,"6","72064035",sovereign_ch,"5755216",,,,,,,,"1",,,,,,,,,,,,,,,,,,,,,,,
way/302744275,way/302744275,contact_line,"0","1000",AVA,narrow_gauge,W2,"1",branch,"750",2019/07/09 17:05:38,"4","72064035",sovereign_ch,"5755216",,,,,,,,,,,,,,,,,,,,,,,,,,,,,,,
way/302744276,way/302744276,contact_line,"0","1000",AVA,narrow_gauge,W2,,branch,"750",2019/07/09 17:05:38,"5","72064035",sovereign_ch,"5755216",,,,,,,,"2",,,,,,,,,,,,,,,,,,,,,,,
way/302744277,way/302744277,contact_line,"0","1000",AVA,narrow_gauge,,,branch,"750",2019/07/09 17:05:38,"8","72064035",sovereign_ch,"5755216",,,,,,,,"2",,,,,,,,,,,,,,,,,,,,,,,
way/302745435,way/302745435,contact_line,"0","1000",AVA,narrow_gauge,W3_U,,branch,"750",2019/07/09 17:05:38,"7","72064035",sovereign_ch,"5755216",,,,,,,,"2",,,,,,,,,,,,,,,,,,,,,,,
way/302745436,way/302745436,contact_line,"0","1000",AVA,narrow_gauge,W2_U,"1",branch,"750",2019/07/09 17:05:38,"4","72064035",sovereign_ch,"5755216",,,,,,,,,,,,,,,,,,,,,,,,,,,,,,,
way/302745437,way/302745437,contact_line,"0","1000",AVA,narrow_gauge,W2_U,,branch,"750",2019/07/09 17:05:38,"6","72064035",sovereign_ch,"5755216",,,,,,,,"2",,,,,,,,,,,,,,,,,,,,,,,
way/302745439,way/302745439,contact_line,"0","1000",AVA,narrow_gauge,W3_U,"1",branch,"750",2019/07/09 17:05:38,"4","72064035",sovereign_ch,"5755216",,,,,,,,,,,,,,,,,,,,,,,,,,,,,,,
way/302745442,way/302745442,contact_line,"0","1000",AVA,narrow_gauge,W3_U,"1",branch,"750",2019/07/09 17:05:38,"4","72064035",sovereign_ch,"5755216",,,,,,,,,,,,,,,,,,,,,,,,,,,,,,,
way/302745444,way/302745444,contact_line,"0","1000",AVA,narrow_gauge,U2,,branch,"750",2019/07/09 17:05:38,"9","72064035",sovereign_ch,"5755216",,,,,,,,"2",,,,,,,,,,,,,,,,,,,,,,,
way/302745445,way/302745445,contact_line,"0","1000",AVA,narrow_gauge,W4_U,"1",branch,"750",2019/07/09 17:05:38,"5","72064035",sovereign_ch,"5755216",,,,,,,,,,,,,,,,,,,,,,,,,,,,,,,
way/302745447,way/302745447,contact_line,"0","1000",AVA,narrow_gauge,W1_U,"1",branch,"750",2019/07/09 17:05:38,"4","72064035",sovereign_ch,"5755216",,,,,,,,,,,,,,,,,,,,,,,,,,,,,,,
way/302745448,way/302745448,contact_line,"0","1000",AVA,narrow_gauge,W4_U,"1",branch,"750",2019/07/09 17:05:38,"5","72064035",sovereign_ch,"5755216",,,"35",,,,,,,,,,,,,,,,,,,,,,,,,,,,
way/302745449,way/302745449,contact_line,"0","1000",AVA,narrow_gauge,W1_U,"1",branch,"750",2019/07/09 17:05:38,"4","72064035",sovereign_ch,"5755216",,,,,,,,,,,,,,,,,,,,,,,,,,,,,,,
way/302745450,way/302745450,contact_line,"0","1000",AVA,narrow_gauge,W4_U,"1",branch,"750",2019/07/09 17:05:38,"4","72064035",sovereign_ch,"5755216",,,,,,,,,,,,,,,,,,,,,,,,,,,,,,,
way/302745453,way/302745453,contact_line,"0","1000",AVA,narrow_gauge,"111","1",branch,"750",2019/07/09 17:05:38,"7","72064035",sovereign_ch,"5755216",,,"80",,,,,,,,,,,,,,,,,,,,,,,,,,,,
way/302745458,way/302745458,contact_line,"0","1000",AVA,narrow_gauge,U3,"1",branch,"750",2019/07/09 17:05:38,"6","72064035",sovereign_ch,"5755216",,,,,,,,"3",,,,,,,,,,,,,,,,,,,,,,,
way/302746075,way/302746075,contact_line,"0","1000",AVA,narrow_gauge,W1,"1",branch,"750",2019/07/09 17:05:38,"5","72064035",sovereign_ch,"5755216",,,,,,,,,,,,,,,,,,,,,,,,,,,,,,,
way/302748028,way/302748028,contact_line,"0","1000",AVA,narrow_gauge,"71","1",branch,"750",2019/07/09 17:05:38,"5","72064035",sovereign_ch,"5755216",,,"80",,,,,,,,,,,,,,,,,,,,,,,,,,,,
way/302748029,way/302748029,contact_line,"0","1000",AVA,narrow_gauge,W1,"1",branch,"750",2019/07/09 17:05:38,"4","72064035",sovereign_ch,"5755216",,,"80",,,,,,,,,,,,,,,,,,,,,,,,,,,,
way/302748030,way/302748030,contact_line,"0","1000",AVA,narrow_gauge,W1,"1",branch,"750",2019/07/09 17:05:38,"4","72064035",sovereign_ch,"5755216",,,"80",,,,,,,,,,,,,,,,,,,,,,,,,,,,
way/302748031,way/302748031,contact_line,"0","1000",AVA,narrow_gauge,W1,"1",branch,"750",2019/07/09 17:05:38,"5","72064035",sovereign_ch,"5755216",,,"80",,,,,,,,,,,,,,,,,,,,,,,,,,,,
way/302748959,way/302748959,contact_line,"0","1000",AVA,narrow_gauge,"42","1",branch,"750",2019/07/09 17:05:38,"8","72064035",sovereign_ch,"5755216",,,"55",,,,,,,,,,,,,,,,,,,,,,,,,,,,
way/302748960,way/302748960,contact_line,"0","1000",AVA,narrow_gauge,W4,"1",branch,"750",2019/07/09 17:05:38,"6","72064035",sovereign_ch,"5755216",,,"55",,,,,,,,,,,,,,,,,,,,,,,,,,,,
way/302748961,way/302748961,contact_line,"0","1000",AVA,narrow_gauge,W4,"1",branch,"750",2019/07/09 17:05:38,"5","72064035",sovereign_ch,"5755216",,,"25",,,,,,,,,,,,,,,,,,,,,,,,,,,,
way/302748962,way/302748962,contact_line,"0","1000",AAR,narrow_gauge,"51",,,"750",2019/04/14 12:53:34,"5","69201543",Jonathan Masur,"2965963",,,"10",,,,,,yard,,,,,,,,,,,,,,,,,,,,,,
way/302749351,way/302749351,contact_line,"0","1000",AAR,narrow_gauge,W5,,,"750",2019/04/14 12:53:34,"2","69201543",Jonathan Masur,"2965963",,,,,,,,,yard,,,,,,,,,,,,,,,,,,,,,,
way/302749352,way/302749352,contact_line,"0","1000",AAR,narrow_gauge,W5,,,"750",2019/04/14 12:53:35,"2","69201543",Jonathan Masur,"2965963",,,,,,,,,yard,,,,,,,,,,,,,,,,,,,,,,
way/302749353,way/302749353,contact_line,"0","1000",AVA,narrow_gauge,W7,"1",branch,"750",2019/07/09 17:05:38,"7","72064035",sovereign_ch,"5755216",,,"25",,,,,,,,,,,,,,,,,,,,,,,,,,,,
way/302749354,way/302749354,contact_line,"0","1000",AAR,narrow_gauge,"52",,,"750",2019/04/14 12:53:35,"5","69201543",Jonathan Masur,"2965963",,,"10",,,,,,yard,,,,,,,,,,,,,,,,,,,,,,
way/302749355,way/302749355,contact_line,"0","1000",AAR,narrow_gauge,"53",,,"750",2020/11/10 03:41:10,"6","93828854",BeatKK,"4665002",,,"10",,,,,,yard,,,,,,,,,,,,,,,,,,,,,,
way/302749545,way/302749545,contact_line,"0","1000",AVA,narrow_gauge,"12",,branch,"750",2019/07/09 17:05:38,"12","72064035",sovereign_ch,"5755216",,,"25",,,,,"12",,,,,,,,,,,,,,,,,,,,,,,
way/302749546,way/302749546,contact_line,"0","1000",AAR,narrow_gauge,W8,"1",,"750",2020/06/08 20:28:46,"6","86370850",bresomch,"456781",,,"25",,,,,,siding,,,,,,,,,,,,,,,,,,,,,,
way/302749547,way/302749547,contact_line,"0","1000",AVA,narrow_gauge,W8,"1",branch,"750",2019/07/09 17:05:38,"5","72064035",sovereign_ch,"5755216",,,"25",,,,,,,,,,,,,,,,,,,,,,,,,,,,
way/303424008,way/303424008,contact_line,"0","1000",AAR,narrow_gauge,W3,"1",,"750",2021/03/16 13:49:06,"5","101125484",SWF8,"3524812",,,,,,,,,siding,,,,,,,,,,,,,,,,,,,,,,
way/303424009,way/303424009,contact_line,"0","1000",AAR,narrow_gauge,W2,"1",,"750",2021/03/16 13:49:06,"7","101125484",SWF8,"3524812",,,,,,,,,siding,,,,,,,,,,,,,,,,,,,,,,
way/303424037,way/303424037,contact_line,"0","1000",AVA,narrow_gauge,W2,"1",branch,"750",2019/07/09 17:05:38,"6","72064035",sovereign_ch,"5755216",,,"65",,,,,,,,,,,,,,,,,,,,,,,,,,,,
way/303424038,way/303424038,contact_line,"0","1000",AVA,narrow_gauge,W2,"1",branch,"750",2019/07/09 17:05:38,"7","72064035",sovereign_ch,"5755216",,,"65",,,,,,,,,,,,,,,,,,,,,,,,,,,,
way/303424039,way/303424039,contact_line,"0","1000",AVA,narrow_gauge,"41","1",branch,"750",2019/07/09 17:05:38,"6","72064035",sovereign_ch,"5755216",,,"55",,,,,,,,,,,,,,,,,,,,,,,,,,,,
way/303424231,way/303424231,contact_line,"0","1000",AVA,narrow_gauge,W3,"1",branch,"750",2019/07/09 17:05:38,"6","72064035",sovereign_ch,"5755216",,,"55",,,,,,,,,,,,,,,,,,,,,,,,,,,,
way/303424232,way/303424232,contact_line,"0","1000",AVA,narrow_gauge,W3,"1",branch,"750",2019/07/09 17:05:38,"5","72064035",sovereign_ch,"5755216",,,"55",,,,,,,,,,,,,,,,,,,,,,,,,,,,
way/303424233,way/303424233,contact_line,"0","1000",AVA,narrow_gauge,"72","1",branch,"750",2019/07/09 17:05:38,"6","72064035",sovereign_ch,"5755216",,,"65",,,,,,,,,,,,,,,,,,,,,,,,,,,,
way/303428263,way/303428263,contact_line,"0","1000",AVA,narrow_gauge,W21,,branch,"750",2020/06/06 14:40:26,"8","86281786",bresomch,"456781",,,"25",,,,,"12",,,,,,,,,,,,,,,,,,,,,,,
way/303428336,way/303428336,contact_line,"0","1000",AVA,narrow_gauge,W10,,branch,"750",2019/07/09 17:05:38,"6","72064035",sovereign_ch,"5755216",,,"25",,,,,"13",,,,,,,,,,,,,,,,,,,,,,,
way/303428338,way/303428338,contact_line,"0","1000",AVA,narrow_gauge,W10,,branch,"750",2019/07/09 17:05:38,"6","72064035",sovereign_ch,"5755216",,,"25",,,,,"13",,,,,,,,,,,,,,,,,,,,,,,
way/303430663,way/303430663,contact_line,"0","1000",AVA,narrow_gauge,,,branch,"750",2019/07/09 17:05:38,"6","72064035",sovereign_ch,"5755216",,,"25",,,,,"12",,,,,,,,,,,,,,,,,,,,,,,
way/303430664,way/303430664,contact_line,"0","1000",AVA,narrow_gauge,W21,,branch,"750",2020/06/06 14:40:26,"7","86281786",bresomch,"456781",,,"25",,,,,"12",,,,,,,,,,,,,,,,,,,,,,,
way/303430665,way/303430665,contact_line,"0","1000",AVA,narrow_gauge,"13",,branch,"750",2019/07/09 17:05:38,"10","72064035",sovereign_ch,"5755216",,,"25",,,,,"13",,,,,,,,,,,,,,,,,,,,,,,
way/304503785,way/304503785,contact_line,"0","1000",AVA,narrow_gauge,,"1",branch,"750",2019/07/09 17:05:39,"5","72064035",sovereign_ch,"5755216",,,,,,,,,,,,,,,,,,,,,,,,,,,,,,,
way/304503786,way/304503786,contact_line,"0","1000",AVA,narrow_gauge,,"1",branch,"750",2019/07/09 17:05:39,"5","72064035",sovereign_ch,"5755216",,,,,,,,,,,,,,,,,,,,,,,,,,,,,,,
way/304503788,way/304503788,contact_line,"0","1000",AVA,narrow_gauge,,"1",branch,"750",2019/07/09 17:05:39,"4","72064035",sovereign_ch,"5755216",,,,,,,,,,,,,,,,,,,,,,,,,,,,,,,
way/304503790,way/304503790,contact_line,"0","1000",AVA,narrow_gauge,"101","1",branch,"750",2019/07/09 17:05:39,"6","72064035",sovereign_ch,"5755216",,,"75",,,,,,,,,,,,,,,,,,,,,,,,,,,,
way/304503791,way/304503791,contact_line,"0","1000",AVA,narrow_gauge,,"1",branch,"750",2019/07/09 17:05:39,"6","72064035",sovereign_ch,"5755216",,,,,,,,,,,,,,,,,,,,,,,,,,,,,,,
way/304525328,way/304525328,contact_line,"0","1000",AVA,narrow_gauge,"104",,branch,"750",2019/07/09 17:05:39,"9","72064035",sovereign_ch,"5755216",,,"35",,,,,"7",,,,,,,,,,,,,,,,,,,,,,,
way/304634825,way/304634825,contact_line,"0","1000",AVA,narrow_gauge,2b,"1",branch,"750",2019/07/09 17:05:39,"6","72064035",sovereign_ch,"5755216",,,,,,,,,,,,,,,,,,,,,,,,,,,,,,,
way/304634828,way/304634828,contact_line,"0","1000",AVA,narrow_gauge,,,branch,"750",2019/07/09 17:05:39,"9","72064035",sovereign_ch,"5755216",,,,,,,,"1",,,,,,,,,,,,,,,,,,,,,,,
way/304634830,way/304634830,contact_line,"0","1000",AVA,narrow_gauge,,,branch,"750",2019/07/09 17:05:39,"10","72064035",sovereign_ch,"5755216",,,,,,,,"2",,,,,,,,,,,,,,,,,,,,,,,
way/304634833,way/304634833,contact_line,"0","1000",AVA,narrow_gauge,1b,,branch,"750",2019/07/09 17:05:39,"8","72064035",sovereign_ch,"5755216",,,,,,,,"1",,,,,,,,,,,,,,,,,,,,,,,
way/304635097,way/304635097,contact_line,"0","1000",AVA,narrow_gauge,"1",,,"750",2019/07/09 17:05:39,"6","72064035",sovereign_ch,"5755216",,,,,,,,"2",siding,,,,,,,,,,,,,,,,,,,,,,
way/304635098,way/304635098,contact_line,"0","1000",AVA,narrow_gauge,,,branch,"750",2019/07/09 17:05:39,"9","72064035",sovereign_ch,"5755216",,,,,,,,"1",,,,,,,,,,,,,,,,,,,,,,,
way/323030503,way/323030503,contact_line,"0","1000",AVA,narrow_gauge,,,branch,"750",2019/07/09 17:05:39,"9","72064035",sovereign_ch,"5755216",,,,,,,,"1",,,,,,,,,,,,,,,,,,,,,,,
way/323031827,way/323031827,contact_line,"0","1000",AVA,narrow_gauge,"308","1",branch,"750",2020/01/16 15:43:54,"4","79656912",SWF8,"3524812",yes,"1",,,,,,,,,,,,,,,,,,,,,,,,,,,,,
way/323031828,way/323031828,contact_line,"0","1000",AVA,narrow_gauge,"308","1",branch,"750",2019/07/09 17:05:39,"3","72064035",sovereign_ch,"5755216",,,,,,,,,,,,,,,,,,,,,,,,,,,,,,,
way/326372043,way/326372043,contact_line,"0","1000",AVA,narrow_gauge,,"1",branch,"750",2021/09/07 11:09:54,"5","110853424",Wikilux,"1894634",,,,,,,,"1",,,,,,,,,,,,,,,,,,,,,,,
way/326494207,way/326494207,contact_line,"0","1000",AVA,narrow_gauge,,"1",branch,"750",2021/09/07 11:09:54,"5","110853424",Wikilux,"1894634",,,,,,,,"2",,,,,,,,,,,,,,,,,,,,,,,
way/326494208,way/326494208,contact_line,"0","1000",AVA,narrow_gauge,,"1",branch,"750",2019/07/09 17:05:39,"4","72064035",sovereign_ch,"5755216",,,,,,,,"2",,,,,,,,,,,,,,,,,,,,,,,
way/326494209,way/326494209,contact_line,"0","1000",AVA,narrow_gauge,,"1",branch,"750",2019/07/09 17:05:39,"5","72064035",sovereign_ch,"5755216",,,,,,,,"1",,,,,,,,,,,,,,,,,,,,,,,
way/326494710,way/326494710,contact_line,"0","1000",AVA,narrow_gauge,"309","1",branch,"750",2019/07/09 17:05:39,"5","72064035",sovereign_ch,"5755216",,,,,,,,"1",,,,,,,,,,,,,,,,,,,,,,,
way/326498767,way/326498767,contact_line,"0","1000",AVA,narrow_gauge,"12",,branch,"750",2020/05/21 20:18:46,"7","85572341",bresomch,"456781",,,"25",,,,,"12",,,,,,,,,,,,,,,,,,,,,,,
way/326498768,way/326498768,contact_line,"0","1000",AVA,narrow_gauge,"13",,branch,"750",2019/07/09 17:05:39,"7","72064035",sovereign_ch,"5755216",,,"25",,,,,"13",,,,,,,,,,,,,,,,,,,,,,,
way/326498769,way/326498769,contact_line,"0","1000",AVA,narrow_gauge,"303","1",branch,"750",2019/07/09 17:05:39,"4","72064035",sovereign_ch,"5755216",,,,,,,,"1",,,,,,,,,,,,,,,,,,,,,,,
way/326498770,way/326498770,contact_line,"0","1000",AVA,narrow_gauge,"301","1",branch,"750",2019/07/09 17:05:40,"5","72064035",sovereign_ch,"5755216",,,,,,,,"1",,,,,,,,,,,,,,,,,,,,,,,
way/326498771,way/326498771,contact_line,"0","1000",AVA,narrow_gauge,,"1",branch,"750",2019/07/09 17:05:40,"3","72064035",sovereign_ch,"5755216",,,,,,,,"2",,,,,,,,,,,,,,,,,,,,,,,
way/326498772,way/326498772,contact_line,"0","1000",AVA,narrow_gauge,"307","1",branch,"750",2019/07/09 17:05:40,"3","72064035",sovereign_ch,"5755216",,,,,,,,,,,,,,,,,,,,,,,,,,,,,,,
way/326498773,way/326498773,contact_line,"0","1000",AVA,narrow_gauge,,"1",branch,"750",2019/07/09 17:05:40,"4","72064035",sovereign_ch,"5755216",,,,,,,,"2",,,,,,,,,,,,,,,,,,,,,,,
way/326498774,way/326498774,contact_line,"0","1000",AVA,narrow_gauge,,"1",branch,"750",2019/07/09 17:05:40,"5","72064035",sovereign_ch,"5755216",,,,,,,,"2",,,,,,,,,,,,,,,,,,,,,,,
way/326498775,way/326498775,contact_line,"0","1000",AVA,narrow_gauge,,"1",branch,"750",2019/07/09 17:05:40,"3","72064035",sovereign_ch,"5755216",,,,,,,,"1",,,,,,,,,,,,,,,,,,,,,,,
way/326498776,way/326498776,contact_line,"0","1000",AVA,narrow_gauge,"304","1",branch,"750",2019/07/09 17:05:40,"4","72064035",sovereign_ch,"5755216",,,,,,,,"1",,,,,,,,,,,,,,,,,,,,,,,
way/326498777,way/326498777,contact_line,"0","1000",AVA,narrow_gauge,"306","1",branch,"750",2019/07/09 17:05:40,"5","72064035",sovereign_ch,"5755216",,,,,,,,"1",,,,,,,,,,,,,,,,,,,,,,,
way/326498778,way/326498778,contact_line,"0","1000",AVA,narrow_gauge,,"1",,"750",2019/07/09 17:05:40,"4","72064035",sovereign_ch,"5755216",,,,,,,,"1",,,,,,,,,,,,,,,,,,,,,,,
way/326499558,way/326499558,contact_line,"0","1000",AVA,narrow_gauge,,"1",branch,"750",2019/07/09 17:05:40,"7","72064035",sovereign_ch,"5755216",,,,,,,,"2",,,,,,,,,,,,,,,,,,,,,,,
way/326499566,way/326499566,contact_line,"0","1000",AVA,narrow_gauge,,"1",branch,"750",2019/07/09 17:05:40,"7","72064035",sovereign_ch,"5755216",,,,,,,,"1",,,,,,,,,,,,,,,,,,,,,,,
way/326500388,way/326500388,contact_line,"0","1000",AVA,narrow_gauge,,"1",branch,"750",2019/07/09 17:05:40,"7","72064035",sovereign_ch,"5755216",,,"80",,,,"2","7",,,,,,,,,,,,,,,,,,,,,,,
way/326500389,way/326500389,contact_line,"0","1000",AVA,narrow_gauge,,"1",branch,"750",2019/07/09 17:05:40,"8","72064035",sovereign_ch,"5755216",,,"80",,,,"2","8",,,,,,,,,,,,,,,,,,,,,,,
way/326502599,way/326502599,contact_line,"0","1000",AVA,narrow_gauge,,,branch,"750",2019/07/09 17:05:40,"7","72064035",sovereign_ch,"5755216",,,,,,,,"3",,,,,,,,,,,,,,,,,,,,,,,
way/326503420,way/326503420,contact_line,"0","1000",AVA,narrow_gauge,"109",,branch,"750",2019/07/09 17:05:40,"9","72064035",sovereign_ch,"5755216",,,"80",,,,,"1",,,,,,,,,,,,,,,,,,,,,,,
way/326504112,way/326504112,contact_line,"0","1000",AVA,narrow_gauge,,,branch,"750",2019/07/09 17:05:40,"6","72064035",sovereign_ch,"5755216",,,,,,,,"1",,,,,,,,,,,,,,,,,,,,,,,
way/326512001,way/326512001,contact_line,"0","1000",AVA,narrow_gauge,U2,,branch,"750",2019/07/09 17:05:40,"7","72064035",sovereign_ch,"5755216",,,,,,,,"2",,,,,,,,,,,,,,,,,,,,,,,
way/326512002,way/326512002,contact_line,"0","1000",AAR,narrow_gauge,U1,"1",,"750",2019/04/14 12:54:08,"5","69201543",Jonathan Masur,"2965963",,,,,,,,"1",siding,,,,,,,,,,,,,,,,,,,,,,
way/326512004,way/326512004,contact_line,"0","1000",AVA,narrow_gauge,U3,"1",branch,"750",2019/07/09 17:05:40,"4","72064035",sovereign_ch,"5755216",,,,,,,,"3",,,,,,,,,,,,,,,,,,,,,,,
way/326523384,way/326523384,contact_line,"0","1000",AVA,narrow_gauge,"1","1",branch,"750",2019/07/09 17:05:40,"6","72064035",sovereign_ch,"5755216",,,"45",,,,,"1",,,,,,,,,,,,,,,,,,,,,,,
way/326523385,way/326523385,contact_line,"0","1000",AVA,narrow_gauge,"112",,branch,"750",2019/07/09 17:05:40,"10","72064035",sovereign_ch,"5755216",,,"55",,,,,"1",,,,,,,,,,,,,,,,,,,,,,,
way/326523386,way/326523386,contact_line,"0","1000",AAR,narrow_gauge,,"1",,"750",2019/04/14 12:54:09,"4","69201543",Jonathan Masur,"2965963",,,,,,,,,siding,,,,,,,,,,,,,,,,,,,,,,
way/326532781,way/326532781,contact_line,"0","1000",AVA,narrow_gauge,,,,"750",2019/07/09 17:05:40,"8","72064035",sovereign_ch,"5755216",,,,,,,,"2",siding,,,,,,,,,,,,,,,,,,,,,,
way/326537191,way/326537191,contact_line,"0","1000",AVA,narrow_gauge,,,branch,"750",2019/07/09 17:05:40,"9","72064035",sovereign_ch,"5755216",,,,,,,,"1",,,,,,,,,,,,,,,,,,,,,,,
way/326543591,way/326543591,contact_line,"0","1000",AAR,narrow_gauge,,,,"750",2019/04/14 12:54:09,"3","69201543",Jonathan Masur,"2965963",,,,,,,,"1",,,,,,,,,,,,,,,,,,,,,,,
way/326543594,way/326543594,contact_line,"0","1000",AVA,narrow_gauge,,,branch,"750",2019/07/09 17:05:40,"8","72064035",sovereign_ch,"5755216",,,,,,,,"1",,,,ME,,,,,,,,,,,,,,,,,,,
way/326703679,way/326703679,contact_line,"0","1000",AVA,narrow_gauge,,,branch,"750",2019/07/09 17:05:40,"7","72064035",sovereign_ch,"5755216",,,"25",,,,,"13",,,,,,,,,,,,,,,,,,,,,,,
way/326703680,way/326703680,contact_line,"0","1000",AAR,narrow_gauge,,,,"750",2019/04/14 12:54:10,"3","69201543",Jonathan Masur,"2965963",,,,,,,,,yard,,,,,,,,,,,,,,,,,,,,,,
way/326703681,way/326703681,contact_line,"0","1000",AAR,narrow_gauge,,"1",branch,"750",2019/04/14 12:54:10,"6","69201543",Jonathan Masur,"2965963",,,"25",,,,,,,,,,,,,,,,,,,,,,,,,,,,
way/326728768,way/326728768,contact_line,"0","1000",AVA,narrow_gauge,,"1",branch,"750",2019/07/09 17:05:40,"6","72064035",sovereign_ch,"5755216",,,,,,,,,,,,,,,,,,,,,,,,,,,,,,,
way/326728771,way/326728771,contact_line,"0","1000",AVA,narrow_gauge,,"1",branch,"750",2019/07/09 17:05:40,"6","72064035",sovereign_ch,"5755216",,,,,,,,,,,,,,,,,,,,,,,,,,,,,,,
way/326736692,way/326736692,contact_line,"0","1000",AVA,narrow_gauge,,,branch,"750",2019/07/09 17:05:40,"10","72064035",sovereign_ch,"5755216",,,"80",,,,"2","8",,,,,,,,,,,,,,,,,,,,,,,
way/326736693,way/326736693,contact_line,"0","1000",AVA,narrow_gauge,,"1",branch,"750",2019/07/09 17:05:40,"8","72064035",sovereign_ch,"5755216",,,"80",,,,"2",,,,,,,,,,,,,,,,,,,,,,,,
way/326736694,way/326736694,contact_line,"0","1000",AVA,narrow_gauge,,"1",branch,"750",2019/07/09 17:05:40,"8","72064035",sovereign_ch,"5755216",,,"80",,,,"2",,,,,,,,,,,,,,,,,,,,,,,,
way/326736695,way/326736695,contact_line,"0","1000",AVA,narrow_gauge,"104",,branch,"750",2019/07/09 17:05:40,"9","72064035",sovereign_ch,"5755216",,,"80",,,,,"7",,,,,,,,,,,,,,,,,,,,,,,
way/326741877,way/326741877,contact_line,"0","1000",AVA,narrow_gauge,,"1",branch,"750",2019/07/09 17:05:40,"6","72064035",sovereign_ch,"5755216",,,"80",,,,,,,,,,,,,,,,,,,,,,,,,,,,
way/326741878,way/326741878,contact_line,"0","1000",AVA,narrow_gauge,"203","1",branch,"750",2019/07/09 17:05:40,"7","72064035",sovereign_ch,"5755216",,,"80",,,,,,,,,,,,,,,,,,,,,,,,,,,,
way/326741879,way/326741879,contact_line,"0","1000",AVA,narrow_gauge,"103","1",branch,"750",2019/07/09 17:05:40,"7","72064035",sovereign_ch,"5755216",,,"80",,,,,,,,,,,,,,,,,,,,,,,,,,,,
way/326741880,way/326741880,contact_line,"0","1000",AVA,narrow_gauge,,"1",branch,"750",2019/07/09 17:05:40,"7","72064035",sovereign_ch,"5755216",,,"80",,,,"2",,,,,,,,,,,,,,,,,,,,,,,,
way/326741881,way/326741881,contact_line,"0","1000",AVA,narrow_gauge,,"1",branch,"750",2019/07/09 17:05:40,"6","72064035",sovereign_ch,"5755216",,,"80",,,,,,,,,,,,,,,,,,,,,,,,,,,,
way/326741882,way/326741882,contact_line,"0","1000",AVA,narrow_gauge,,"1",branch,"750",2019/07/09 17:05:40,"7","72064035",sovereign_ch,"5755216",,,"80",,,,"2",,,,,,,,,,,,,,,,,,,,,,,,
way/326741883,way/326741883,contact_line,"0","1000",AVA,narrow_gauge,"103","1",branch,"750",2019/07/09 17:05:40,"8","72064035",sovereign_ch,"5755216",,,"80",,,,"2",,,,,,,,,,,,,,,,,,,,,,,,
way/326741884,way/326741884,contact_line,"0","1000",AVA,narrow_gauge,"203","1",branch,"750",2019/07/09 17:05:40,"8","72064035",sovereign_ch,"5755216",,,"80",,,,"2",,,,,,,,,,,,,,,,,,,,,,,,
way/326745649,way/326745649,contact_line,"0","1000",AVA,narrow_gauge,"104","1",branch,"750",2019/07/09 17:05:40,"6","72064035",sovereign_ch,"5755216",,,"35",,,,,,,,,,,,,,,,,,,,,,,,,,,,
way/326745650,way/326745650,contact_line,"0","1000",AVA,narrow_gauge,"104","1",branch,"750",2019/07/09 17:05:40,"6","72064035",sovereign_ch,"5755216",,,"65",,,,,,,,,,,,,,,,,,,,,,,,,,,,
way/326759034,way/326759034,contact_line,"0","1000",AVA,narrow_gauge,"109","1",branch,"750",2019/07/09 17:05:40,"6","72064035",sovereign_ch,"5755216",,,"80",,,,,,,,,,,,,,,,,,,,,,,,,,,,
way/326759035,way/326759035,contact_line,"0","1000",AVA,narrow_gauge,"109","1",branch,"750",2019/07/09 17:05:40,"4","72064035",sovereign_ch,"5755216",,,,,,,,,,,,,,,,,,,,,,,,,,,,,,,
way/327718936,way/327718936,contact_line,"0","1000",AVA,narrow_gauge,,"1",branch,"750",2019/07/09 17:05:41,"5","72064035",sovereign_ch,"5755216",,,"25",,,,,,,,,,,,,,,,,,,,,,,,,,,,
way/327728679,way/327728679,contact_line,"0","1000",AVA,narrow_gauge,W4,"1",branch,"750",2019/07/09 17:05:41,"4","72064035",sovereign_ch,"5755216",,,,,,,,,,,,,,,,,,,,,,,,,,,,,,,
way/327737489,way/327737489,contact_line,"0","1000",AVA,narrow_gauge,"301","1",branch,"750",2019/07/09 17:05:41,"5","72064035",sovereign_ch,"5755216",,,,,,,,,,,,,,,,,,,,,,,,,,,,,,,
way/327737493,way/327737493,contact_line,"0","1000",AVA,narrow_gauge,"301","1",branch,"750",2019/07/09 17:05:41,"3","72064035",sovereign_ch,"5755216",,,,,,,,"1",,,,,,,,,,,,,,,,,,,,,,,
way/327738410,way/327738410,contact_line,"0","1000",AVA,narrow_gauge,,"1",branch,"750",2019/07/09 17:05:41,"3","72064035",sovereign_ch,"5755216",,,,,,,,"2",,,,,,,,,,,,,,,,,,,,,,,
way/327738411,way/327738411,contact_line,"0","1000",AVA,narrow_gauge,,"1",,"750",2019/07/09 17:05:41,"4","72064035",sovereign_ch,"5755216",,,,,,,,"1",,,,,,,,,,,,,,,,,,,,,,,
way/327922510,way/327922510,contact_line,"0","1000",AVA,narrow_gauge,W2_U,"1",branch,"750",2019/07/09 17:05:41,"3","72064035",sovereign_ch,"5755216",,,,,,,,,,,,,,,,,,,,,,,,,,,,,,,
way/327922513,way/327922513,contact_line,"0","1000",AVA,narrow_gauge,W2_U,"1",branch,"750",2019/07/09 17:05:41,"3","72064035",sovereign_ch,"5755216",,,,,,,,,,,,,,,,,,,,,,,,,,,,,,,
way/327923867,way/327923867,contact_line,"0","1000",AVA,narrow_gauge,"303","1",branch,"750",2019/07/09 17:05:41,"4","72064035",sovereign_ch,"5755216",,,,,,,,,,,,,,,,,,,,,,,,,,,,,,,
way/327923868,way/327923868,contact_line,"0","1000",AVA,narrow_gauge,"303","1",branch,"750",2019/07/09 17:05:41,"3","72064035",sovereign_ch,"5755216",,,,,,,,"1",,,,,,,,,,,,,,,,,,,,,,,
way/327925347,way/327925347,contact_line,"0","1000",AVA,narrow_gauge,,"1",branch,"750",2019/07/09 17:05:41,"3","72064035",sovereign_ch,"5755216",,,,,,,,"2",,,,,,,,,,,,,,,,,,,,,,,
way/327926019,way/327926019,contact_line,"0","1000",AVA,narrow_gauge,"304","1",branch,"750",2019/07/09 17:05:41,"3","72064035",sovereign_ch,"5755216",,,,,,,,"1",,,,,,,,,,,,,,,,,,,,,,,
way/327926020,way/327926020,contact_line,"0","1000",AVA,narrow_gauge,"304","1",branch,"750",2019/07/09 17:05:41,"3","72064035",sovereign_ch,"5755216",,,,,,,,,,,,,,,,,,,,,,,,,,,,,,,
way/327926571,way/327926571,contact_line,"0","1000",AVA,narrow_gauge,"306","1",branch,"750",2019/07/09 17:05:41,"5","72064035",sovereign_ch,"5755216",,,,,,,,"1",,,,,,,,,,,,,,,,,,,,,,,
way/327926572,way/327926572,contact_line,"0","1000",AVA,narrow_gauge,"306","1",branch,"750",2019/07/09 17:05:41,"5","72064035",sovereign_ch,"5755216",,,,,,,,,,,,,,,,,,,,,,,,,,,,,,,
way/327939576,way/327939576,contact_line,"0","1000",AVA,narrow_gauge,,"1",branch,"750",2021/04/25 13:25:12,"5","103574310",sovereign_ch,"5755216",,,,,,,,"1",,,,,,,,,,,,,,,,,,,,,,,
way/327939680,way/327939680,contact_line,"0","1000",AVA,narrow_gauge,"309","1",branch,"750",2021/04/25 13:25:12,"4","103574310",sovereign_ch,"5755216",,,,,,,,,,,,,,,,,,,,,,,,,,,,,,,
way/327939681,way/327939681,contact_line,"0","1000",AVA,narrow_gauge,"309","1",branch,"750",2019/07/09 17:05:41,"3","72064035",sovereign_ch,"5755216",,,,,,,,"1",,,,,,,,,,,,,,,,,,,,,,,
way/327939960,way/327939960,contact_line,"0","1000",AVA,narrow_gauge,"307","1",branch,"750",2019/07/09 17:05:41,"4","72064035",sovereign_ch,"5755216",,,,,,,,"1",,,,,,,,,,,,,,,,,,,,,,,
way/327939965,way/327939965,contact_line,"0","1000",AVA,narrow_gauge,"307","1",branch,"750",2019/07/09 17:05:41,"3","72064035",sovereign_ch,"5755216",,,,,,,,,,,,,,,,,,,,,,,,,,,,,,,
way/327940664,way/327940664,contact_line,"0","1000",AVA,narrow_gauge,,"1",branch,"750",2019/07/09 17:05:41,"4","72064035",sovereign_ch,"5755216",,,,,,,,,,,,,,,,,,,,,,,,,,,,,,,
way/327940666,way/327940666,contact_line,"0","1000",AVA,narrow_gauge,,"1",branch,"750",2019/07/09 17:05:41,"4","72064035",sovereign_ch,"5755216",,,,,,,,"2",,,,,,,,,,,,,,,,,,,,,,,
way/327940691,way/327940691,contact_line,"0","1000",AVA,narrow_gauge,,"1",branch,"750",2019/07/09 17:05:41,"4","72064035",sovereign_ch,"5755216",,,,,,,,"1",,,,,,,,,,,,,,,,,,,,,,,
way/327940692,way/327940692,contact_line,"0","1000",AVA,narrow_gauge,,"1",branch,"750",2019/07/09 17:05:41,"4","72064035",sovereign_ch,"5755216",,,,,,,,,,,,,,,,,,,,,,,,,,,,,,,
way/327942664,way/327942664,contact_line,"0","1000",AVA,narrow_gauge,"104",,branch,"750",2019/07/09 17:05:41,"7","72064035",sovereign_ch,"5755216",,,"70",,,,,"1",,,,,,,,,,,,,,,,,,,,,,,
way/327942665,way/327942665,contact_line,"0","1000",AVA,narrow_gauge,"104","1",branch,"750",2019/07/09 17:05:41,"7","72064035",sovereign_ch,"5755216",,,"70",,,,,,,,,,,,,,,,,,,,,,,,,,,,
way/327942937,way/327942937,contact_line,"0","1000",AVA,narrow_gauge,"110","1",branch,"750",2019/07/09 17:05:41,"4","72064035",sovereign_ch,"5755216",,,,,,,,,,,,,,,,,,,,,,,,,,,,,,,
way/327942938,way/327942938,contact_line,"0","1000",AVA,narrow_gauge,"110","1",branch,"750",2019/07/09 17:05:41,"6","72064035",sovereign_ch,"5755216",,,"55",,,,,,,,,,,,,,,,,,,,,,,,,,,,
way/327945090,way/327945090,contact_line,"0","1000",AVA,narrow_gauge,"111","1",branch,"750",2019/07/09 17:05:41,"4","72064035",sovereign_ch,"5755216",,,,,,,,,,,,,,,,,,,,,,,,,,,,,,,
way/327947145,way/327947145,contact_line,"0","1000",AVA,narrow_gauge,"112","1",branch,"750",2019/07/09 17:05:41,"6","72064035",sovereign_ch,"5755216",,,"35",,,,,,,,,,,,,,,,,,,,,,,,,,,,
way/327947368,way/327947368,contact_line,"0","1000",AVA,narrow_gauge,"112","1",branch,"750",2019/07/09 17:05:41,"7","72064035",sovereign_ch,"5755216",,,"35",,,,,"1",,,,,,,,,,,,,,,,,,,,,,,
way/327947521,way/327947521,contact_line,"0","1000",AVA,narrow_gauge,"112",,branch,"750",2019/07/09 17:05:41,"9","72064035",sovereign_ch,"5755216",,,"35",,,,,"1",,,,,,,,,,,,,,,,,,,,,,,
way/327947522,way/327947522,contact_line,"0","1000",AVA,narrow_gauge,"112","1",branch,"750",2019/07/09 17:05:41,"7","72064035",sovereign_ch,"5755216",,,"55",,,,,"1",,,,,,,,,,,,,,,,,,,,,,,
way/327952377,way/327952377,contact_line,"0","1000",AVA,narrow_gauge,,,branch,"750",2019/07/09 17:05:41,"6","72064035",sovereign_ch,"5755216",,,,,,,,"1",,,,,,,,,,,,,,,,,,,,,,,
way/327952378,way/327952378,contact_line,"0","1000",AVA,narrow_gauge,,,,"750",2019/07/09 17:05:41,"6","72064035",sovereign_ch,"5755216",,,,,,,,"2",siding,,,,,,,,,,,,,,,,,,,,,,
way/328908315,way/328908315,contact_line,"0","1000",AVA,narrow_gauge,,,,"750",2019/07/09 17:05:41,"7","72064035",sovereign_ch,"5755216",,,,,,,,"2",siding,,,,,,,,,,,,,,,,,,,,,,
way/328908478,way/328908478,contact_line,"0","1000",AVA,narrow_gauge,"118","1",branch,"750",2019/07/09 17:05:41,"6","72064035",sovereign_ch,"5755216",,,"65",,,,,,,,,,,,,,,,,,,,,,,,,,,,
way/328908479,way/328908479,,,"1000",AAR,narrow_gauge,,"1",,,2015/10/12 14:13:02,"2","34591306",KeinePanik,"1122916",,,,,,,,,siding,,,,,,,,,,,,,,,,,,,,,,
way/328908559,way/328908559,contact_line,"0","1000",AVA,narrow_gauge,,"1",branch,"750",2019/07/09 17:05:41,"8","72064035",sovereign_ch,"5755216",,,,,,,,"2",,,,,,,,,,,,,,,,,,,,,,,
way/328908560,way/328908560,contact_line,"0","1000",AVA,narrow_gauge,,"1",branch,"750",2019/07/09 17:05:41,"6","72064035",sovereign_ch,"5755216",,,"65",,,,,ref,,,,,,,,,,,,,,,,,,,,,,,
way/328908561,way/328908561,contact_line,"0","1000",AVA,narrow_gauge,,"1",branch,"750",2019/07/09 17:05:41,"6","72064035",sovereign_ch,"5755216",,,,,,,,"1",,,,,,,,,,,,,,,,,,,,,,,
way/328908562,way/328908562,contact_line,"0","1000",AVA,narrow_gauge,,,branch,"750",2019/07/09 17:05:41,"6","72064035",sovereign_ch,"5755216",,,,,,,,"2",,,,,,,,,,,,,,,,,,,,,,,
way/328909324,way/328909324,contact_line,"0","1000",AVA,narrow_gauge,"119",,branch,"750",2019/07/09 17:05:41,"7","72064035",sovereign_ch,"5755216",,,,,,,,"1",,,,,,,,,,,,,,,,,,,,,,,
way/328909325,way/328909325,contact_line,"0","1000",AVA,narrow_gauge,"119","1",branch,"750",2019/07/09 17:05:41,"6","72064035",sovereign_ch,"5755216",,,"80",,,,,,,,,,,,,,,,,,,,,,,,,,,,
way/328909455,way/328909455,contact_line,"0","1000",AAR,narrow_gauge,,,,"750",2018/09/03 12:49:19,"6","62246821",SWF8,"3524812",,,,,,,,"3",siding,,,,,,,,,,,,,,,,,,,,,,
way/328909488,way/328909488,contact_line,"0","1000",AVA,narrow_gauge,,,branch,"750",2019/07/09 17:05:41,"7","72064035",sovereign_ch,"5755216",,,,,,,,"1",,,,ME,,,,,,,,,,,,,,,,,,,
way/328910082,way/328910082,contact_line,"0","1000",AVA,narrow_gauge,,,branch,"750",2019/07/09 17:05:41,"6","72064035",sovereign_ch,"5755216",,,,,,,,"1",,,,ME,,,,,,,,,,,,,,,,,,,
way/328912496,way/328912496,contact_line,"0","1000",AVA,narrow_gauge,,,branch,"750",2019/07/09 17:05:41,"8","72064035",sovereign_ch,"5755216",,,,,,,,"1",,,,,,,,,,,,,,,,,,,,,,,
way/328912497,way/328912497,contact_line,"0","1000",AVA,narrow_gauge,"12","1",branch,"750",2019/07/09 17:05:41,"8","72064035",sovereign_ch,"5755216",,,"65",,,,,,,,,ME,,,,,,,,,,,,,,,,,,,
way/328912569,way/328912569,contact_line,"0","1000",AAR,narrow_gauge,,"1",,"750",2019/04/14 12:54:31,"3","69201543",Jonathan Masur,"2965963",,,,,,,,,siding,,,,,,,,,,,,,,,,,,,,,,
way/328912571,way/328912571,contact_line,"0","1000",AVA,narrow_gauge,,"1",,"750",2019/07/09 17:05:41,"5","72064035",sovereign_ch,"5755216",,,,,,,,,siding,,,ME,,,,,,,,,,,,,,,,,,,
way/328912649,way/328912649,contact_line,"0","1000",AAR,narrow_gauge,,"1",branch,"750",2019/04/14 12:54:32,"4","69201543",Jonathan Masur,"2965963",,,,,,,,,,,,,,,,,,,,,,,,,,,,,,,
way/328912650,way/328912650,contact_line,"0","1000",AVA,narrow_gauge,"120","1",branch,"750",2019/07/09 17:05:41,"7","72064035",sovereign_ch,"5755216",,,"80",,,,,,,,,ME,,,,,,,,,,,,,,,,,,,
way/328912746,way/328912746,contact_line,"0","1000",AAR,narrow_gauge,,"1",,"750",2019/04/14 12:54:32,"3","69201543",Jonathan Masur,"2965963",,,,,,,,,siding,,,,,,,,,,,,,,,,,,,,,,
way/328913094,way/328913094,contact_line,"0","1000",AVA,narrow_gauge,,,,"750",2019/07/09 17:05:41,"10","72064035",sovereign_ch,"5755216",,,,,,,,"1",,,yes,,,,,,,,,,,,,,,,,,,,
way/328913095,way/328913095,contact_line,"0","1000",AVA,narrow_gauge,,"1",,"750",2019/07/09 17:05:41,"9","72064035",sovereign_ch,"5755216",,,,,,,,"2",siding,,yes,ME,,,,,,,,,,,,,,,,,,,
way/328918625,way/328918625,contact_line,"0","1000",AAR,narrow_gauge,,"1",,"750",2019/04/14 12:54:32,"3","69201543",Jonathan Masur,"2965963",,,,,,,,,siding,,,,,,,,,,,,,,,,,,,,,,
way/328918626,way/328918626,contact_line,"0","1000",AVA,narrow_gauge,,,,"750",2019/07/09 17:05:41,"7","72064035",sovereign_ch,"5755216",,,,,,,,"1",,,yes,,,,,,,,,,,,,,,,,,,,
way/328918627,way/328918627,contact_line,"0","1000",AAR,narrow_gauge,,"1",,"750",2019/04/14 12:54:33,"3","69201543",Jonathan Masur,"2965963",,,,,,,,,siding,,,,,,,,,,,,,,,,,,,,,,
way/328918628,way/328918628,contact_line,"0","1000",AVA,narrow_gauge,,"1",,"750",2019/07/09 17:05:41,"8","72064035",sovereign_ch,"5755216",,,,,,,,,siding,,,ME,,,,,,,,,,,,,,,,,,,
way/328918629,way/328918629,contact_line,"0","1000",AVA,narrow_gauge,,"1",,"750",2019/07/09 17:05:41,"8","72064035",sovereign_ch,"5755216",,,,,,,,"2",siding,,yes,ME,,,,,,,,,,,,,,,,,,,
way/374957342,way/374957342,contact_line,"0","1000",AVA,narrow_gauge,"2","1",branch,"750",2019/07/09 17:05:41,"4","72064035",sovereign_ch,"5755216",,,"45",,,,,"2",,,,,,,,,,,,,,,,,,,,,,,
way/377874256,way/377874256,,,,AAR,narrow_gauge,,"1",,,2019/04/14 12:54:38,"2","69201543",Jonathan Masur,"2965963",,,,,,,,,yard,,,,,,,,,,,,,,,,,,,,,,
way/381056765,way/381056765,contact_line,"0","1000",AVA,narrow_gauge,"109",,branch,"750",2019/07/09 17:05:41,"5","72064035",sovereign_ch,"5755216",yes,"1","65",,,,,"1",,,,,,,,,,,,,,,,,,,,,,,
way/381056771,way/381056771,contact_line,"0","1000",AVA,narrow_gauge,"109",,branch,"750",2019/07/09 17:05:41,"5","72064035",sovereign_ch,"5755216",,,"65",,,,,"1",,,,,,,,,,,,,,,,,,,,,,,
way/382660861,way/382660861,contact_line,"0","1000",AVA,narrow_gauge,,"1",branch,"750",2019/07/09 17:05:41,"4","72064035",sovereign_ch,"5755216",,,,,,,,"2",,,,,,,,,,,,,,,,,,,,,,,
way/382660862,way/382660862,contact_line,"0","1000",AVA,narrow_gauge,,"1",branch,"750",2019/07/09 17:05:41,"3","72064035",sovereign_ch,"5755216",,,,,,,,"1",,,,,,,,,,,,,,,,,,,,,,,
way/382661426,way/382661426,contact_line,"0","1000",AVA,narrow_gauge,"119",,branch,"750",2019/07/09 17:05:41,"4","72064035",sovereign_ch,"5755216",,,,,,,,"1",,,,,,,,,,,,,,,,,,,,,,,
way/382664085,way/382664085,contact_line,"0","1000",AVA,narrow_gauge,"112","1",branch,"750",2019/07/09 17:05:41,"5","72064035",sovereign_ch,"5755216",,,"35",,,,,"1",,,,,,,,,,,,,,,,,,,,,,,
way/537978916,way/537978916,contact_line,"0","1000",AVA,narrow_gauge,"110","1",branch,"750",2019/07/09 17:05:41,"3","72064035",sovereign_ch,"5755216",,,"75",,,,,,,,,,,,,,,,,,,,,,,,,,,,
way/537978917,way/537978917,contact_line,"0","1000",AVA,narrow_gauge,"112",,branch,"750",2019/07/09 17:05:41,"4","72064035",sovereign_ch,"5755216",,,"55",,,,,"1",,,,,,,,,,,,,,,,,,,,,,,
way/537978918,way/537978918,contact_line,"0","1000",AVA,narrow_gauge,"113","1",branch,"750",2021/06/06 19:05:08,"4","105929570",hecktor,"465052",,,"80",,,,,,,,,,,,,,,,,,,,,,,,,,,,
way/537978919,way/537978919,contact_line,"0","1000",AVA,narrow_gauge,2b,"1",branch,"750",2019/07/09 17:05:41,"3","72064035",sovereign_ch,"5755216",,,"80",,,,,,,,,,,,,,,,,,,,,,,,,,,,
way/537978920,way/537978920,contact_line,"0","1000",AVA,narrow_gauge,1b,,branch,"750",2019/07/09 17:05:41,"4","72064035",sovereign_ch,"5755216",,,"80",,,,,"1",,,,,,,,,,,,,,,,,,,,,,,
way/537982381,way/537982381,contact_line,"0","1000",AVA,narrow_gauge,"72","1",branch,"750",2019/07/09 17:05:41,"3","72064035",sovereign_ch,"5755216",,,"80",,,,,,,,,,,,,,,,,,,,,,,,,,,,
way/537982382,way/537982382,contact_line,"0","1000",AVA,narrow_gauge,"71","1",branch,"750",2019/07/09 17:05:41,"3","72064035",sovereign_ch,"5755216",,,"80",,,,,,,,,,,,,,,,,,,,,,,,,,,,
way/537996948,way/537996948,contact_line,"0","1000",AVA,narrow_gauge,"120","1",branch,"750",2019/07/09 17:05:41,"3","72064035",sovereign_ch,"5755216",,,"65",,,,,,,,,ME,,,,,,,,,,,,,,,,,,,
way/538028205,way/538028205,contact_line,"0","1000",AVA,narrow_gauge,"104","1",branch,"750",2019/07/09 17:05:41,"3","72064035",sovereign_ch,"5755216",yes,"1","70",,,,,,,,,,,,,,,,,,,,,,,,,,,,
way/538028209,way/538028209,contact_line,"0","1000",AVA,narrow_gauge,"104","1",branch,"750",2019/07/09 17:05:41,"3","72064035",sovereign_ch,"5755216",,,"70",,,,,,,,,,,,,,,,,,,,,,,,,,,,
way/538082129,way/538082129,contact_line,"0","1000",AAR,narrow_gauge,,,,"750",2019/04/14 12:54:56,"3","69201543",Jonathan Masur,"2965963",,,,,,,,"1",siding,,,,,,,,,,,,,,,,,,,,,,
way/538162281,way/538162281,contact_line,"0","1000",AVA,narrow_gauge,,,branch,"750",2019/07/09 17:05:42,"4","72064035",sovereign_ch,"5755216",,,,,,,,"1",,,yes,,,,,,,,,,,,,,,,,,,,
way/545483286,way/545483286,contact_line,"0","1000",AAR,narrow_gauge,"53",,,"750",2019/04/14 12:54:56,"2","69201543",Jonathan Masur,"2965963",,,"5",,,,,,yard,,yes,,,,,,,,,,,,,,,,,,,,
way/545483289,way/545483289,contact_line,"0","1000",AAR,narrow_gauge,"52",,,"750",2019/04/14 12:54:56,"2","69201543",Jonathan Masur,"2965963",,,"5",,,,,,yard,,yes,,,,,,,,,,,,,,,,,,,,
way/545483291,way/545483291,contact_line,"0","1000",AAR,narrow_gauge,"51",,,"750",2019/04/14 12:54:57,"2","69201543",Jonathan Masur,"2965963",,,"5",,,,,,yard,,yes,,,,,,,,,,,,,,,,,,,,
way/702857428,way/702857428,contact_line,"0","1000",AVA,narrow_gauge,W4,"1",branch,"750",2019/07/09 17:05:31,"1","72064035",sovereign_ch,"5755216",,,,,,,,,,,,,,,,,,,,,,,,,,,,,,,
way/702857429,way/702857429,contact_line,"0","1000",AVA,narrow_gauge,W1,"1",branch,"750",2019/07/09 17:05:31,"1","72064035",sovereign_ch,"5755216",,,"65",,,,,,,,,,,,,,,,,,,,,,,,,,,,
way/702857430,way/702857430,contact_line,"0","1000",AVA,narrow_gauge,,"1",branch,"750",2019/07/09 17:05:31,"1","72064035",sovereign_ch,"5755216",,,"40",,,,,,,,,,,,,,,,,,,,,,,,,,,,
way/702857431,way/702857431,contact_line,"0","1000",AVA,narrow_gauge,,"1",branch,"750",2019/07/09 17:05:31,"1","72064035",sovereign_ch,"5755216",,,,,,,,,,,,,,,,,,,,,,,,,,,,,,,
way/702857432,way/702857432,contact_line,"0","1000",AVA,narrow_gauge,W3,"1",branch,"750",2019/07/09 17:05:31,"1","72064035",sovereign_ch,"5755216",,,"45",,,,,,,,,,,,,,,,,,,,,,,,,,,,
way/702857433,way/702857433,contact_line,"0","1000",AVA,narrow_gauge,W147,"1",branch,"750",2019/07/09 17:05:31,"1","72064035",sovereign_ch,"5755216",,,"80",,,,,,,,,,,,,,,,,,,,,,,,,,,,
way/702857434,way/702857434,contact_line,"0","1000",AVA,narrow_gauge,,"1",branch,"750",2019/07/09 17:05:31,"1","72064035",sovereign_ch,"5755216",,,"80",,,,,,,,,,,,,,,,,,,,,,,,,,,,
way/702857435,way/702857435,contact_line,"0","1000",AVA,narrow_gauge,W2_B,"1",branch,"750",2019/07/09 17:05:31,"1","72064035",sovereign_ch,"5755216",,,,,,,,,,,,,,,,,,,,,,,,,,,,,,,
way/702857436,way/702857436,contact_line,"0","1000",AVA,narrow_gauge,W1_B,"1",branch,"750",2019/07/09 17:05:31,"1","72064035",sovereign_ch,"5755216",,,,,,,,,,,,,,,,,,,,,,,,,,,,,,,
way/702857437,way/702857437,contact_line,"0","1000",AVA,narrow_gauge,,"1",,"750",2019/07/09 17:05:31,"1","72064035",sovereign_ch,"5755216",,,,,,,,"1",yard,,,,,,,,,,,,,,,,,,,,,,
way/702857438,way/702857438,contact_line,"0","1000",AVA-wsb,narrow_gauge,,"1",,"750",2021/04/25 13:25:12,"3","103574310",sovereign_ch,"5755216",,,,,,,,,yard,,,,,,,,,,,,,,,,,,,,,,
way/771125878,way/771125878,contact_line,"0","1000",AVA-wsb,narrow_gauge,,"1",,"750",2021/04/25 13:25:12,"2","103574310",sovereign_ch,"5755216",,,,,,,,,yard,,,,,,,,,,,,,,,,,,,,,,
way/771125879,way/771125879,contact_line,"0","1000",AVA-wsb,narrow_gauge,,"1",,"750",2021/04/25 13:25:12,"2","103574310",sovereign_ch,"5755216",,,,,,,,"1",yard,,yes,,,,,,,,,,,,,,,,,,,,
way/771125880,way/771125880,contact_line,"0","1000",AVA-wsb,narrow_gauge,,"1",,"750",2021/04/25 13:25:12,"2","103574310",sovereign_ch,"5755216",,,,,,,,,yard,,yes,,,,,,,,,,,,,,,,,,,,
way/771125883,way/771125883,contact_line,"0","1000",AVA-wsb,narrow_gauge,,"1",,"750",2021/04/25 13:25:12,"2","103574310",sovereign_ch,"5755216",,,,,,,,,yard,,yes,,,,,,,,,,,,,,,,,,,,
way/771125884,way/771125884,contact_line,"0","1000",AVA-wsb,narrow_gauge,,"1",,"750",2021/04/25 13:25:12,"2","103574310",sovereign_ch,"5755216",,,,,,,,,yard,,yes,,,,,,,,,,,,,,,,,,,,
way/771125885,way/771125885,contact_line,"0","1000",AVA-wsb,narrow_gauge,,"1",,"750",2021/04/25 13:25:12,"2","103574310",sovereign_ch,"5755216",,,,,,,,,yard,,,,,,,,,,,,,,,,,,,,,,
way/771125886,way/771125886,contact_line,,"1000",AVA-wsb,narrow_gauge,,,,,2021/04/25 13:25:12,"2","103574310",sovereign_ch,"5755216",,,,,,,,,yard,,,,,,,,,,,,,,,,,,,,,,
way/771125887,way/771125887,contact_line,"0","1000",AVA-wsb,narrow_gauge,,,,"750",2021/04/25 13:25:12,"2","103574310",sovereign_ch,"5755216",,,,,,,,,yard,,yes,,,,,,,,,,,,,,,,,,,,
way/806951639,way/806951639,contact_line,"0","1000",AVA,narrow_gauge,"12",,branch,"750",2020/05/21 20:18:46,"1","85572341",bresomch,"456781",,,"25",,,,,"12",,,,,,,,,,,,,,,,,,,,,,,
way/806951640,way/806951640,contact_line,"0","1000",AVA,narrow_gauge,"12",,branch,"750",2020/05/21 20:18:46,"1","85572341",bresomch,"456781",yes,"1","25",,,,,"12",,,,,Behelfsbrcke fr die Baustelle,,,,,,,,,,,,,,,,,,
way/886676714,way/886676714,contact_line,"0","1000",AVA,narrow_gauge,W1,"1",branch,"750",2020/12/20 14:10:19,"1","96140841",sovereign_ch,"5755216",,,,,,,,,,,,,,,,,,,,,,,,,,,,,,,
way/934992468,way/934992468,,,"1000",AVA-wsb,narrow_gauge,,"1",,,2021/04/25 13:25:12,"1","103574310",sovereign_ch,"5755216",,,,,,,,,yard,,,,,,,,,,,,,,,,,,,,,,
